-- phpMyAdmin SQL Dump
-- version 4.9.5
-- https://www.phpmyadmin.net/
--
-- Hôte : 127.0.0.1:3306
-- Généré le : mar. 09 fév. 2021 à 09:07
-- Version du serveur :  10.4.14-MariaDB-cll-lve
-- Version de PHP : 7.2.34

SET SQL_MODE = "NO_AUTO_VALUE_ON_ZERO";
SET AUTOCOMMIT = 0;
START TRANSACTION;
SET time_zone = "+00:00";


/*!40101 SET @OLD_CHARACTER_SET_CLIENT=@@CHARACTER_SET_CLIENT */;
/*!40101 SET @OLD_CHARACTER_SET_RESULTS=@@CHARACTER_SET_RESULTS */;
/*!40101 SET @OLD_COLLATION_CONNECTION=@@COLLATION_CONNECTION */;
/*!40101 SET NAMES utf8mb4 */;

--
-- Base de données : `u621225441_tur`
--

-- --------------------------------------------------------

--
-- Structure de la table `categorie`
--

CREATE TABLE `categorie` (
  `id` int(11) NOT NULL,
  `image_id` int(11) DEFAULT NULL,
  `nom_fr` varchar(255) COLLATE utf8_unicode_ci NOT NULL,
  `dateAdd` datetime NOT NULL,
  `nom_en` varchar(255) COLLATE utf8_unicode_ci DEFAULT NULL
) ENGINE=InnoDB DEFAULT CHARSET=utf8 COLLATE=utf8_unicode_ci;

--
-- Déchargement des données de la table `categorie`
--

INSERT INTO `categorie` (`id`, `image_id`, `nom_fr`, `dateAdd`, `nom_en`) VALUES
(1, 1, 'Trace', '2017-02-01 02:45:03', 'Track'),
(2, 2, 'Carcasse', '2017-02-01 03:05:17', 'Carcass'),
(3, 3, 'Nid', '2017-02-01 03:07:17', 'Nest'),
(4, 4, 'Individu', '2017-02-01 03:08:32', 'Turtles');

-- --------------------------------------------------------

--
-- Structure de la table `categorie_type`
--

CREATE TABLE `categorie_type` (
  `categorie_id` int(11) NOT NULL,
  `type_id` int(11) NOT NULL
) ENGINE=InnoDB DEFAULT CHARSET=utf8 COLLATE=utf8_unicode_ci;

--
-- Déchargement des données de la table `categorie_type`
--

INSERT INTO `categorie_type` (`categorie_id`, `type_id`) VALUES
(1, 1),
(2, 1),
(2, 3),
(3, 1),
(4, 1),
(4, 3);

-- --------------------------------------------------------

--
-- Structure de la table `image`
--

CREATE TABLE `image` (
  `id` int(11) NOT NULL,
  `observation_id` int(11) DEFAULT NULL,
  `chemin` varchar(255) COLLATE utf8_unicode_ci NOT NULL,
  `dateAdd` datetime NOT NULL
) ENGINE=InnoDB DEFAULT CHARSET=utf8 COLLATE=utf8_unicode_ci;

--
-- Déchargement des données de la table `image`
--

INSERT INTO `image` (`id`, `observation_id`, `chemin`, `dateAdd`) VALUES
(1, NULL, 'c63b881511561dbc144c113fdd809796a3a831b2.png', '2017-02-01 02:45:03'),
(2, NULL, 'f1bd036d38315217179eec868c60024324b36e2b.png', '2017-02-01 03:05:16'),
(3, NULL, '14a3dc2dfc3a332d6032854c19039ac1886e4899.png', '2017-02-01 03:07:17'),
(4, NULL, 'c65154c0dea7f3684447b93f832729ea95b35107.png', '2017-02-01 03:08:32'),
(5, NULL, 'bc1a0663c14524d8da860891f720bd393cfbd71d.jpeg', '2017-03-03 23:17:49'),
(6, NULL, '4b182cd410b2daebaae4b9ed3bf0bbed4e0e0fd7.jpeg', '2017-03-03 23:17:49'),
(7, NULL, '42082ba3bb6a349e1ed9db682f6cf4b63fa425d7.jpeg', '2017-03-04 14:14:23'),
(8, NULL, '6c88ff1b279626098c967c75aa0d7990021932ed.jpeg', '2017-03-04 14:14:23'),
(9, NULL, '612bb3895b76c37d84d8e705fb339a891882d034.jpeg', '2017-03-04 15:38:55'),
(10, NULL, 'ffec6c5296a3e020b6845d355ee3e8f52f95deba.jpeg', '2017-03-16 12:40:27'),
(11, NULL, 'ac79921fc09239b29e2b2540cffb21beb79bf588.jpeg', '2017-03-16 12:50:10'),
(12, NULL, '10b161f375c28f2a20f8dd5c302a6b6788ee587e.jpeg', '2017-03-16 13:48:26'),
(13, NULL, '2c40e50b4207ae7a141424172df926f9cb0efaf3.jpeg', '2017-03-16 13:55:37'),
(14, NULL, 'f40f4deb5a01b44f83da5ac9c481113297f77ab0.jpeg', '2017-03-16 14:23:19'),
(15, NULL, '1632c364974a2cd74c9de8c172c60ab5fd1a320b.jpeg', '2017-03-16 14:33:29'),
(16, NULL, '6ab9d08564eb603f9a1431ab34ff78ad0b35e881.jpeg', '2017-03-21 12:38:06'),
(17, NULL, '54ed0042f32a1dbc5d909b90bef69f5f4965887d.jpeg', '2017-03-21 12:38:50'),
(18, NULL, '1ca56c41bc0007ffee50db7af27a96e03866a8c4.jpeg', '2017-03-21 12:41:29'),
(19, NULL, 'c0dc1150c23d8ac738dbf0a579c7cf29371ce748.jpeg', '2017-03-21 12:49:00'),
(20, NULL, 'f628cb82328f15e79cb559d07eec3254c038d14c.jpeg', '2017-03-23 19:08:58'),
(21, NULL, 'f7eddcb97c62d25db739d669020415dfa5438bf6.jpeg', '2017-03-23 22:22:16'),
(22, NULL, '3130a54d9d8df0cd0c938e29d7e43134676445b9.jpeg', '2017-03-24 00:58:30'),
(23, NULL, '41cfe5b8423a8fa42d5db273ca7502c38bfb7810.jpeg', '2017-03-24 10:22:15'),
(24, NULL, '280e102097072ff3046ab875bcb800c8fc819dff.jpeg', '2017-03-24 10:28:44'),
(25, NULL, '127af9a31a7a0df60cbd41a2767db64412b6abcf.jpeg', '2017-03-24 10:28:44'),
(26, NULL, '1777f44b27364c060b72ec3f0c21e09654722455.jpeg', '2017-03-24 10:46:32'),
(27, NULL, '9d14d23a2f74363a47daf75d26a5dbd805808601.jpeg', '2017-03-24 10:48:11'),
(28, NULL, 'a6a8f554cd24e8d5fc854ae892351c1977670e75.jpeg', '2017-03-24 17:57:18'),
(29, NULL, '5e101350859b8d6bdd8d2e413331db4482ee1493.jpeg', '2017-03-24 21:58:46'),
(30, NULL, 'dace0397a4ba3899242736af354dfa3d3a51f5d9.jpeg', '2017-03-24 22:21:12'),
(31, NULL, 'd7d6ff70c2525e5d19c11a7de21f1678132bc9eb.png', '2017-03-24 22:51:40'),
(32, NULL, '0a00b705a569531a87697fd9ff8ea161b4ea10c3.png', '2017-03-24 22:56:00'),
(33, NULL, '9ae61231e3a2505d838c49be08c72e9bb64a6a94.png', '2017-03-24 22:59:45'),
(34, NULL, 'd336f431f702ff79b739c138b2de7a5662e8589b.png', '2017-03-24 23:00:28'),
(35, NULL, 'a35b3094ef5455c0b279b9a7b08ea76dc65bd688.png', '2017-03-24 23:01:13'),
(36, NULL, '550a6b1c4a0a08ca0c2e19d38536a4f36931b628.jpeg', '2017-03-24 23:04:35'),
(37, NULL, '11e51c2a15a17052ac1171c4e18049ad38157f78.jpeg', '2017-03-24 23:05:10'),
(38, 5, 'f774bde3ac86b07ef4364ed1020f3e2928c8b434.jpeg', '2017-03-24 23:22:26'),
(39, 5, 'ac48dc03deeb0d51d07eba357f32e685c18d5f58.jpeg', '2017-03-24 23:22:52'),
(40, 5, 'baf5e83cf2b5119c31e951bfa5a9b00c9d371b3e.jpeg', '2017-03-24 23:30:31'),
(41, 5, 'bac7f8b0c2ab5a4bb36b3f15cd58f9fe42cb4b78.jpeg', '2017-03-24 23:30:55'),
(42, 4, '0cae2307bc6d8de6abce0693243695e6080098e4.jpeg', '2017-03-25 12:46:43'),
(43, 4, '8cda133d5ff5b35336e1b95408b8271f5803171a.jpeg', '2017-03-28 10:49:32'),
(44, 4, 'e21e879469cb35e5813ef97faa479f4699670714.jpeg', '2017-03-28 10:50:38'),
(45, 4, 'd6f2e4d2fbe1e2f5f1f85f317b82ac499b8958aa.jpeg', '2017-03-28 10:52:55'),
(46, 4, '9444cc398e565190a0f1687bc6537786d87a041a.jpeg', '2017-03-28 11:01:26'),
(47, 3, '60240eb3e40aa3d039820edc2a43d1a5dfa6d690.jpeg', '2017-03-28 11:01:59'),
(48, 3, '004e09f2e7a4806296c15c3b446d9bfaf1f77e14.jpeg', '2017-03-28 11:05:26'),
(49, 3, 'b46946ebac8aa882083a26c47763a7816a723ad4.jpeg', '2017-03-28 11:06:24'),
(50, 3, 'abe908d05dd0f944d649b768fc53b20771cd03e2.jpeg', '2017-03-28 11:12:47'),
(51, 3, '4f55025ce627d9388e9e1578dfc1f2d45fb2e973.jpeg', '2017-03-28 11:13:31'),
(52, 1, 'ab1b80c00d4ba726b25241bc559989dada51bbf4.jpeg', '2017-03-28 11:20:43'),
(53, 1, '0b83ae59964d7becc12ed83e8726ef6373a3ca96.jpeg', '2017-03-28 11:22:24'),
(54, 1, 'e667bc71a157ae161a3320e81ddc93157241f618.jpeg', '2017-03-28 11:39:07'),
(55, 1, 'ad9bb720f3c05619136909b744db48acaa960b0a.jpeg', '2017-03-28 11:39:35'),
(56, 1, '02ecde6b998f70b4d9d26ee84036fff38dc3155d.jpeg', '2017-03-28 12:06:26'),
(57, 2, '8e1c1665a00e6197ad6efdfe7be5656ff384cbe0.jpeg', '2017-03-28 12:10:12'),
(58, 2, '62f5938bf0fb94f344043700c75c22c558e812a9.jpeg', '2017-03-28 12:22:57'),
(59, 2, '181e31ca9f9d87ed96307b9bc07d9a2680d10066.jpeg', '2017-03-28 12:23:24'),
(60, 2, 'ac2cb2955dce1907b0eddb6d19ded11e2c731ebe.jpeg', '2017-04-01 14:40:23'),
(61, 2, 'de5c5d327b4dc8ecc7fc4aa55bb9817ab97493c4.jpeg', '2017-04-01 14:41:20'),
(62, 2, 'a9f7d015e5e08bf592f83c1bab0849a691aaf890.jpeg', '2017-04-01 14:43:43'),
(63, NULL, 'c53cab75f5d59a8ff1108d412617a43039adb1fb.jpeg', '2017-09-06 14:42:56'),
(64, NULL, 'a66c8c96663f03f6bb5c6ba5c5c42355d9dbfbc2.png', '2017-11-13 03:42:06'),
(65, NULL, 'edc01a796d44391cbad98000c8cc9e41f85e180d.png', '2017-11-13 03:42:32'),
(66, NULL, '3955b1f8a67491a2483aa2437d94f443b3677f31.png', '2017-11-14 01:18:16'),
(67, NULL, 'ed2dfc648ff9651753503afee5c3f43f46350319.png', '2017-11-14 01:37:35'),
(68, NULL, '5e426d1567c67e9eab06a8c21219d0b7deafa85d.png', '2017-11-14 01:47:46'),
(69, NULL, 'bb863a713d14528b54e6487f48dea2289ee5ae50.png', '2017-11-14 01:55:04'),
(70, NULL, '621e520749375143150474315ce64af5abcc41d6.png', '2017-11-14 01:56:17'),
(71, NULL, '0240c3c1183c6b2fb9e4087ade8b7ad00aacb1f8.png', '2017-11-14 01:58:14'),
(72, NULL, '32558d8bc7252491a8d9dfb9bf3d70181eec9b4e.png', '2017-11-14 02:03:40'),
(73, NULL, 'd0f93b3ade9866241971e926283c3342d60a464a.png', '2017-11-14 02:14:36'),
(74, NULL, '9b0012a4b78e98ad351ff6f8616eca06314626db.png', '2017-11-14 02:17:05'),
(75, NULL, '213b85d141a5f30cd7b7fa4faa8e48de40ad1a64.png', '2017-11-14 02:20:45'),
(76, NULL, '935ba0da0c0a589c317a12f6ad750d56e65ed044.png', '2017-11-14 02:24:48'),
(78, 41, '5a0c79726dd7b.jpeg', '2017-11-15 18:29:22'),
(79, 42, '5a0f0002dc5b7.jpeg', '2017-11-17 16:28:02'),
(80, 43, '5a0f0384b8a49.jpeg', '2017-11-17 16:43:00'),
(81, 44, '5a0f0de3e0230.jpeg', '2017-11-17 17:27:15'),
(82, 45, '5a0f2641937a8.jpeg', '2017-11-17 19:11:13'),
(83, NULL, '0658e88959c4c973d74db841074cb820cad324a7.jpeg', '2017-11-17 19:41:05'),
(84, 46, '5a0fedd75f7ce.jpeg', '2017-11-18 08:22:47'),
(85, 47, '5a0fedd76327b.jpeg', '2017-11-18 08:22:47'),
(86, 48, '5a0fedfb16c4f.jpeg', '2017-11-18 08:23:23'),
(87, 49, '5a0fedfb1aa16.jpeg', '2017-11-18 08:23:23'),
(88, 50, '5a0fee3f4bc99.jpeg', '2017-11-18 08:24:31'),
(89, 51, '5a0fee3f57a2c.jpeg', '2017-11-18 08:24:31'),
(90, 52, '5a0ff6fc0b38c.jpeg', '2017-11-18 09:01:48'),
(91, 53, '5a0ff6fc13251.jpeg', '2017-11-18 09:01:48'),
(92, 54, '5a101917d2400.jpeg', '2017-11-18 11:27:19'),
(93, 59, '5a10191b740ea.jpeg', '2017-11-18 11:27:23'),
(94, NULL, '956d5bdf7a3110eb300aa284b9bc174acaf1403b.jpeg', '2017-11-18 11:52:27'),
(95, NULL, '9d289db04fdeefc2ca2d51edc66bcfd11a3f44ef.jpeg', '2017-11-18 12:05:17'),
(96, 66, '5a11e1290fea2.jpeg', '2017-11-19 19:53:13'),
(97, 69, '5a11f23786080.jpeg', '2017-11-19 21:05:59'),
(98, 70, '5a11f2379e59b.jpeg', '2017-11-19 21:05:59'),
(99, 75, '5a11f237c64d4.jpeg', '2017-11-19 21:05:59'),
(100, 76, '5a11f23dd68e7.jpeg', '2017-11-19 21:06:05'),
(101, 77, '5a11f246f1493.jpeg', '2017-11-19 21:06:14'),
(102, 88, '5a1234092c413.jpeg', '2017-11-20 01:46:49'),
(103, 88, '5a1234092d0c0.jpeg', '2017-11-20 01:46:49'),
(104, NULL, '2acc703547bf6d9a290dd769ec01ddb9c87f946e.png', '2017-11-26 15:00:45'),
(105, NULL, '7a3e106edd8bc109af515623cbe93044bcbef2e5.png', '2017-11-26 15:01:20'),
(106, NULL, 'fd5d51b4f4a39c90024456bfe3e3a30f11b6473b.png', '2017-11-26 15:02:51'),
(107, NULL, 'd56e7776cc4a32b90c8d7b976de0612632fbdafa.png', '2017-11-26 15:03:41'),
(108, NULL, '00e33455fb2caaf03954afebfbc442a6f2501669.png', '2017-11-26 15:04:39'),
(109, NULL, '7a22368db4c0daec39179efaa283488ef32e7160.png', '2017-11-26 15:06:55'),
(110, NULL, 'cd2c02362b81d99faf5c2f3438a78bd5ab34e312.png', '2017-11-26 15:08:07'),
(111, NULL, 'e743fd582fb9c3a049b86ec7bed8cd6ffedfcc71.png', '2017-11-26 15:08:59'),
(112, NULL, '565f56dbf30315399f44f670c4e31ee98696d2b2.png', '2017-11-26 15:17:28'),
(113, NULL, 'b0514c361a74d8f752b09eb182757ca127dcd041.png', '2017-11-26 15:18:46'),
(114, NULL, '647e8b06b8c26482b1efe5bda1e04f84f8de002e.png', '2017-11-26 15:19:14'),
(115, NULL, '35c4a88b15a7350c3619bffeee6a6e7bcf3da554.png', '2017-11-26 15:19:38'),
(116, NULL, '756e01015019e5633a2468f4f8accec2ce221eb5.png', '2017-11-26 15:19:58'),
(117, NULL, 'e0e5b6c71d8f8c901e12a0c1c42c3e8ebc1b9787.png', '2017-11-26 15:23:32'),
(118, NULL, 'c8412aad86998293078bce07cef65770c0cf6081.png', '2017-11-26 15:25:43'),
(119, NULL, 'd3e7d58b28b42ca695f65212ab2646247219ea35.png', '2017-11-26 15:27:23'),
(120, NULL, 'ae1a316190c8c2f662b474801a0fefe40f948e52.png', '2017-11-26 15:28:26'),
(121, NULL, '294cbca09cb156c79e39f247c72ad78a236e365d.png', '2017-11-26 15:29:02'),
(122, NULL, '45d23289c81823961520e62922c1a2f52da26460.png', '2017-11-26 15:38:59'),
(123, NULL, '25692225c9c336b8ae7a613b222cdb1c2a7da5cf.png', '2017-11-26 15:39:29'),
(124, NULL, '427698e99b04c5b98cf39483a6cf019f0ec26f26.png', '2017-11-26 15:40:00'),
(125, NULL, '845b416ee22d9976af376fe2c81aa3b935b21877.png', '2017-11-26 15:41:28'),
(126, NULL, 'b82d2427698fc19f3f8d437229ddb16333986474.png', '2017-11-29 08:28:41'),
(127, NULL, '38e8f30bf22224616f0a37d77c320dc7e65ed79b.png', '2017-11-29 08:30:09'),
(128, 97, '5a2064cca029c.jpeg', '2017-11-30 20:06:36'),
(129, 98, '5a2064cca1f78.jpeg', '2017-11-30 20:06:36'),
(130, 99, '5a20de55e34a1.jpeg', '2017-12-01 04:45:09'),
(131, 100, '5a20de5619215.jpeg', '2017-12-01 04:45:10'),
(132, 102, '5a20de5671c92.jpeg', '2017-12-01 04:45:10'),
(133, 103, '5a20de5676f2d.jpeg', '2017-12-01 04:45:10'),
(134, 116, '5a21b521c319a.jpeg', '2017-12-01 20:01:37'),
(135, NULL, 'c4b0b65344c4b7e540b2540aec752336bc713397.jpeg', '2017-12-02 13:28:26'),
(136, NULL, 'b090d2cdc752511aa8faa4cbf6d8086eac3baeaf.jpeg', '2017-12-09 15:37:24'),
(137, 120, '5a5a2b36ea3e9.jpeg', '2018-01-13 15:52:22'),
(138, NULL, '02fa121963fd6230b99ab5a75701d7273b581a07.png', '2018-01-15 10:09:52'),
(139, NULL, '156933f57540a493f4fb08a57ea5ac3b7c387ff0.png', '2018-01-15 10:10:25'),
(140, NULL, '20e32e6ab54deb6118e8a0468f6bff69901feb23.jpeg', '2018-01-15 15:52:02'),
(141, 125, '5a83c421f2d7e.jpeg', '2018-02-14 05:07:45'),
(142, 126, '5a932fe1647d1.jpeg', '2018-02-25 21:51:29'),
(143, 127, '5a932fe1a03c9.jpeg', '2018-02-25 21:51:29'),
(144, 132, '5a932fe2944fe.jpeg', '2018-02-25 21:51:30'),
(145, 133, '5a932fe6460d9.jpeg', '2018-02-25 21:51:34'),
(146, 135, '5ab8b0a822b3a.jpeg', '2018-03-26 08:34:48'),
(147, 136, '5ab8b0a8384af.jpeg', '2018-03-26 08:34:48'),
(148, 139, '5ad0a431732d8.jpeg', '2018-04-13 12:36:01'),
(149, 139, '5ad0a4317d2c4.jpeg', '2018-04-13 12:36:01'),
(150, 143, '5ad471285503c.jpeg', '2018-04-16 09:47:20'),
(151, 145, '5ae2b720250f3.jpeg', '2018-04-27 05:37:36'),
(152, 147, '5b075ba3bb658.jpeg', '2018-05-25 00:41:07'),
(153, 150, '5b075ba759df1.jpeg', '2018-05-25 00:41:11'),
(154, NULL, '862288452603c58f3a4343b3d7fab416635998bc.jpeg', '2018-09-27 14:52:21'),
(155, 156, '5bcb32964a091.jpeg', '2018-10-20 13:50:14'),
(156, 157, '5bcddc5b04060.jpeg', '2018-10-22 14:19:07'),
(157, 158, '5bcddc5ca605d.jpeg', '2018-10-22 14:19:08'),
(158, 159, '5bcde77eabd76.jpeg', '2018-10-22 15:06:38'),
(159, 161, '5bcde781b20d7.jpeg', '2018-10-22 15:06:41'),
(160, 162, '5bcde781b6e7a.jpeg', '2018-10-22 15:06:41'),
(161, 163, '5bcde79968514.jpeg', '2018-10-22 15:07:05'),
(162, 164, '5bcde7996c096.jpeg', '2018-10-22 15:07:05'),
(163, 165, '5bdee1c9a48e6.jpeg', '2018-11-04 12:10:49'),
(164, 166, '5bdee1cb77477.jpeg', '2018-11-04 12:10:51'),
(165, 168, '5bea9b5ad81bb.jpeg', '2018-11-13 09:37:30'),
(166, 169, '5bea9b5e0ff83.jpeg', '2018-11-13 09:37:34'),
(167, 170, '5c07914502613.jpeg', '2018-12-05 08:50:13'),
(168, 171, '5c0a135a89e0c.jpeg', '2018-12-07 06:29:46'),
(169, 172, '5c188fa18fbb9.jpeg', '2018-12-18 06:11:45'),
(170, 173, '5c188fa80c581.jpeg', '2018-12-18 06:11:52'),
(171, 174, '5dac4608c2106.jpeg', '2019-10-20 11:33:28'),
(172, 175, '5dac4619b1130.jpeg', '2019-10-20 11:33:45'),
(173, 176, '5dac461c368ef.jpeg', '2019-10-20 11:33:48'),
(174, 177, '5db39077da19a.jpeg', '2019-10-26 00:16:55'),
(175, 178, '5dbb3a416e4c2.jpeg', '2019-10-31 19:47:13'),
(176, 179, '5dbb3a41d76d6.jpeg', '2019-10-31 19:47:13'),
(177, 182, '5dbfc94b90332.jpeg', '2019-11-04 06:46:35'),
(178, 183, '5dbfc94c0f059.jpeg', '2019-11-04 06:46:36'),
(179, 184, '5dbfc952eb5e1.jpeg', '2019-11-04 06:46:42'),
(180, 189, '5dc3bec4eefa6.jpeg', '2019-11-07 06:50:44'),
(181, 191, '5dc53ebf40a72.jpeg', '2019-11-08 10:09:03'),
(182, 191, '5dc53ec07c873.jpeg', '2019-11-08 10:09:04'),
(183, 191, '5dc53ec1982db.jpeg', '2019-11-08 10:09:05'),
(184, 192, '5dc53ec2bad22.jpeg', '2019-11-08 10:09:06'),
(185, 192, '5dc53ec2bc48f.jpeg', '2019-11-08 10:09:06'),
(186, 192, '5dc53ec3e0a8a.jpeg', '2019-11-08 10:09:07'),
(187, 193, '5dc53ee35599f.jpeg', '2019-11-08 10:09:39'),
(188, 193, '5dc53ee35682d.jpeg', '2019-11-08 10:09:39'),
(189, 193, '5dc53ee357673.jpeg', '2019-11-08 10:09:39'),
(190, 194, '5dc53ee457dc0.jpeg', '2019-11-08 10:09:40'),
(191, 194, '5dc53ee557962.jpeg', '2019-11-08 10:09:41'),
(192, 194, '5dc53ee5588a9.jpeg', '2019-11-08 10:09:41'),
(193, 195, '5de0b76c04075.jpeg', '2019-11-29 06:15:08'),
(194, 196, '5de8a1e0e7162.jpeg', '2019-12-05 06:21:20'),
(195, 197, '5de8a1e40a40f.jpeg', '2019-12-05 06:21:24'),
(196, 198, '5de8a1ea20a00.jpeg', '2019-12-05 06:21:30'),
(197, 199, '5e12dae077343.jpeg', '2020-01-06 06:59:44'),
(198, 200, '5e12dae0c3fb0.jpeg', '2020-01-06 06:59:44'),
(199, 201, '5e12dae32cca7.jpeg', '2020-01-06 06:59:47'),
(200, 202, '5e12daee43d61.jpeg', '2020-01-06 06:59:58'),
(201, 203, '5e12db0cba4ea.jpeg', '2020-01-06 07:00:28'),
(202, 204, '5e141fd6d6642.jpeg', '2020-01-07 06:06:14'),
(203, 205, '5e141fd6e02e3.jpeg', '2020-01-07 06:06:14'),
(204, 206, '5e141fd719cfc.jpeg', '2020-01-07 06:06:15'),
(205, 207, '5e141fd71d7b3.jpeg', '2020-01-07 06:06:15'),
(206, 208, '5e1d67ea500d5.jpeg', '2020-01-14 07:04:10'),
(207, 209, '5e2aa9a1a89a9.jpeg', '2020-01-24 08:24:01'),
(208, 210, '5e2aa9a227d0e.jpeg', '2020-01-24 08:24:02'),
(209, 211, '5e2aa9a23daae.jpeg', '2020-01-24 08:24:02'),
(210, NULL, '01195b6a760e1b4955fcbd5c93f4412c713ed235.png', '2020-10-27 01:22:14'),
(211, NULL, '657ec1588906c8a65747b990d159893c85b04118.jpeg', '2020-10-27 05:03:36'),
(212, NULL, 'fb700c366a19763ce6a08854ac29eea87053d2e8.jpeg', '2020-10-27 05:13:48'),
(213, NULL, '2c935a5c872a8658a72026610cb8171f94845c82.jpeg', '2020-10-27 05:18:07'),
(214, 216, '6006008e2e7b1.jpeg', '2021-01-18 21:41:34');

-- --------------------------------------------------------

--
-- Structure de la table `observation`
--

CREATE TABLE `observation` (
  `id` int(11) NOT NULL,
  `patrouille_id` int(11) NOT NULL,
  `categorie_id` int(11) NOT NULL,
  `coordX` double DEFAULT NULL,
  `coordY` double DEFAULT NULL,
  `etat` int(11) DEFAULT NULL,
  `dateAdd` datetime NOT NULL
) ENGINE=InnoDB DEFAULT CHARSET=utf8 COLLATE=utf8_unicode_ci;

--
-- Déchargement des données de la table `observation`
--

INSERT INTO `observation` (`id`, `patrouille_id`, `categorie_id`, `coordX`, `coordY`, `etat`, `dateAdd`) VALUES
(1, 2, 1, 3.917471, 9.738139, NULL, '2017-03-28 13:33:14'),
(2, 2, 2, 3.947842, 9.797179, NULL, '2017-03-28 13:33:14'),
(3, 3, 1, 3.963719, 9.24141, NULL, '2017-04-01 14:48:27'),
(4, 2, 3, 3.948809, 9.233725, NULL, '2017-04-01 14:48:27'),
(5, 3, 4, 3.943725, 9.240431, NULL, '2017-04-01 14:48:27'),
(35, 25, 3, 3.8480325, 11.5020752, 1, '1991-08-12 07:19:51'),
(36, 26, 3, 3.8480325, 11.5020752, 1, '1991-08-13 17:47:12'),
(37, 27, 1, NULL, NULL, NULL, '2017-09-06 14:43:33'),
(38, 28, 1, NULL, NULL, NULL, '2017-11-14 02:28:21'),
(39, 28, 4, NULL, NULL, NULL, '2017-11-14 02:28:21'),
(41, 30, 1, 3.8915707, 11.5344158, 0, '1924-11-22 14:48:44'),
(42, 31, 2, 0, 0, 0, '2017-11-17 16:27:17'),
(43, 32, 2, 0, 0, 0, '2017-11-17 16:27:17'),
(44, 33, 4, 0, 0, 0, '2017-11-17 17:25:34'),
(45, 34, 4, 0, 0, 0, '2017-11-17 17:25:34'),
(46, 35, 2, 3.9111362, 11.5774165, 0, '2017-11-18 08:18:59'),
(47, 35, 3, 3.9155284, 11.5793433, 0, '2017-11-18 08:21:17'),
(48, 36, 2, 3.9111362, 11.5774165, 0, '2017-11-18 08:18:59'),
(49, 36, 3, 3.9155284, 11.5793433, 0, '2017-11-18 08:21:17'),
(50, 37, 2, 3.9111362, 11.5774165, 0, '2017-11-18 08:18:59'),
(51, 37, 3, 3.9155284, 11.5793433, 0, '2017-11-18 08:21:17'),
(52, 38, 2, 3.9111362, 11.5774165, 0, '2017-11-18 08:18:59'),
(53, 38, 3, 3.9155284, 11.5793433, 0, '2017-11-18 08:21:17'),
(54, 39, 1, 29.6268211, -82.3667355, 0, '2017-11-18 10:56:12'),
(55, 39, 2, 29.626823, -82.3667331, 0, '2017-11-18 10:58:18'),
(56, 39, 1, 29.6268367, -82.366726, 0, '2017-11-18 11:18:09'),
(57, 39, 3, 29.626826, -82.3667342, 0, '2017-11-18 11:19:08'),
(58, 39, 4, 29.6268211, -82.366747, 0, '2017-11-18 11:21:17'),
(59, 40, 1, 29.6268211, -82.3667355, 0, '2017-11-18 10:56:12'),
(60, 40, 2, 29.626823, -82.3667331, 0, '2017-11-18 10:58:18'),
(61, 40, 1, 29.6268367, -82.366726, 0, '2017-11-18 11:18:09'),
(62, 40, 3, 29.626826, -82.3667342, 0, '2017-11-18 11:19:08'),
(63, 40, 4, 29.6268211, -82.366747, 0, '2017-11-18 11:21:17'),
(64, 41, 1, NULL, NULL, NULL, '2017-11-18 11:55:04'),
(65, 41, 3, NULL, NULL, NULL, '2017-11-18 11:55:04'),
(66, 42, 1, 3.8498076, 11.5346483, 0, '2017-11-19 19:50:37'),
(67, 43, 1, 29.6268243, -82.3667302, 0, '2017-11-19 20:53:54'),
(68, 44, 1, 29.6268243, -82.3667302, 0, '2017-11-19 20:53:54'),
(69, 45, 2, 29.6268599, -82.3667328, 0, '2017-11-19 20:54:31'),
(70, 46, 1, 29.6268239, -82.3667466, 0, '2017-11-19 20:09:42'),
(71, 46, 2, 29.6268303, -82.3667376, 0, '2017-11-19 20:17:12'),
(72, 46, 3, 29.6268236, -82.3667448, 0, '2017-11-19 20:23:58'),
(73, 46, 4, 29.6268234, -82.366747, 0, '2017-11-19 20:37:35'),
(74, 46, 3, 29.6268257, -82.366747, 0, '2017-11-19 20:40:51'),
(75, 47, 2, 29.6268599, -82.3667328, 0, '2017-11-19 20:54:31'),
(76, 48, 2, 29.6268599, -82.3667328, 0, '2017-11-19 20:54:31'),
(77, 49, 1, 29.6268239, -82.3667466, 0, '2017-11-19 20:09:42'),
(78, 49, 2, 29.6268303, -82.3667376, 0, '2017-11-19 20:17:12'),
(79, 49, 3, 29.6268236, -82.3667448, 0, '2017-11-19 20:23:58'),
(80, 49, 4, 29.6268234, -82.366747, 0, '2017-11-19 20:37:35'),
(81, 49, 3, 29.6268257, -82.366747, 0, '2017-11-19 20:40:51'),
(82, 50, 3, 3.8480281, 11.5367054, 0, '2017-11-19 21:58:23'),
(83, 50, 1, 3.8496229, 11.5342187, 0, '2017-11-19 21:58:50'),
(84, 51, 2, 0, 0, 0, '2017-11-20 00:12:56'),
(85, 52, 2, 3.9155483, 11.5779218, 0, '2017-11-20 00:41:51'),
(86, 53, 2, 3.9111362, 11.5774165, 0, '2017-11-20 00:44:44'),
(87, 54, 1, 29.6268201, -82.3667286, 0, '2017-11-20 01:24:11'),
(88, 54, 2, 29.6268166, -82.3667269, 0, '2017-11-20 01:30:11'),
(89, 55, 1, 29.6268153, -82.3667292, 0, '2017-11-20 01:34:50'),
(90, 55, 2, 29.6268104, -82.366711, 0, '2017-11-20 01:35:34'),
(91, 56, 2, 3.9121429, 11.5780607, 0, '2017-11-20 07:15:30'),
(92, 57, 2, 0, 0, 1, '2017-11-20 08:18:15'),
(93, 58, 2, 0, 0, 1, '2017-11-24 20:24:30'),
(94, 58, 1, 0, 0, 1, '2017-11-24 20:25:23'),
(95, 59, 2, 0, 0, 1, '2017-11-24 20:27:27'),
(96, 60, 2, 0, 0, 1, '2017-11-26 14:42:38'),
(97, 61, 4, 2.9384206, 9.9037535, 1, '2017-11-29 10:17:11'),
(98, 61, 4, 2.9384206, 9.9037535, 1, '2017-11-29 10:17:11'),
(99, 62, 1, 2.8050416, 9.8611093, 1, '2017-11-30 21:08:55'),
(100, 62, 4, 2.795493, 9.8890927, 1, '2017-11-30 21:24:34'),
(101, 62, 3, 2.8145903, 9.8331259, 1, '2017-11-30 21:35:20'),
(102, 63, 1, 2.8050416, 9.8611093, 1, '2017-11-30 21:08:55'),
(103, 63, 4, 2.795493, 9.8890927, 1, '2017-11-30 21:24:34'),
(104, 63, 3, 2.8145903, 9.8331259, 1, '2017-11-30 21:35:20'),
(105, 64, 2, 3.9164759, 11.5786326, 1, '2017-12-01 07:27:16'),
(106, 65, 2, 3.8987192, 11.5747234, 1, '2017-12-01 07:30:35'),
(107, 65, 2, 3.8987192, 11.5747234, 1, '2017-12-01 07:31:13'),
(108, 65, 2, 3.9164759, 11.5786326, 1, '2017-12-01 07:33:51'),
(109, 66, 2, 3.9164759, 11.5786326, 1, '2017-12-01 14:29:06'),
(110, 67, 3, 3.9168232, 11.5761449, 1, '2017-12-01 14:38:14'),
(111, 68, 3, 3.9168232, 11.5761449, 1, '2017-12-01 14:43:10'),
(112, 69, 3, 3.9168232, 11.5761449, 1, '2017-12-01 14:41:20'),
(113, 70, 3, 3.9168232, 11.5761449, 1, '2017-12-01 15:04:29'),
(114, 71, 2, 3.9168232, 11.5761449, 1, '2017-12-01 15:27:30'),
(115, 72, 2, 3.9168232, 11.5761449, 1, '2017-12-01 15:25:42'),
(116, 73, 1, 2.93862201, 9.90416744, 1, '2017-12-01 19:54:06'),
(117, 73, 4, 2.9419812, 9.9100169, 1, '2017-12-01 19:57:35'),
(118, 74, 2, 3.91155, 11.5770033, 1, '2017-12-18 14:52:15'),
(119, 74, 2, 3.91138, 11.5772133, 1, '2017-12-18 14:54:14'),
(120, 75, 1, 29.62702389, -82.36675218, 1, '2018-01-13 15:14:36'),
(121, 75, 3, 29.62697833, -82.36676083, 1, '2018-01-13 15:49:36'),
(122, 75, 2, 29.62693319, -82.36674367, 1, '2018-01-13 15:50:48'),
(123, 75, 2, 29.6268913, -82.36674745, 1, '2018-01-13 15:51:08'),
(124, 76, 1, 3.515, 4.15, NULL, '2018-01-15 15:57:25'),
(125, 77, 4, 3.8634858, 11.4638832, 1, '2018-01-16 06:14:05'),
(126, 78, 1, 29.62684862, -82.36665379, 1, '2018-02-13 14:23:06'),
(127, 79, 2, 29.64499047, -82.34672213, 1, '2018-02-20 16:41:40'),
(128, 79, 1, 29.6269419, -82.3667519, 1, '2018-02-25 21:18:08'),
(129, 79, 4, 29.62689875, -82.36676469, 1, '2018-02-25 21:23:05'),
(130, 79, 2, 29.62702171, -82.3667904, 1, '2018-02-25 21:35:02'),
(131, 79, 3, 29.62696156, -82.36674372, 1, '2018-02-25 21:39:01'),
(132, 79, 4, 29.6269431, -82.366741, 1, '2018-02-25 21:40:36'),
(133, 80, 1, 29.62684862, -82.36665379, 1, '2018-02-13 14:23:06'),
(134, 81, 3, 4.2516109, 8.9485226, 1, '2018-03-14 11:39:41'),
(135, 82, 2, 4.0696879, 9.0266701, 1, '2018-03-23 15:06:30'),
(136, 82, 2, 4.0694247, 9.0265944, 1, '2018-03-23 15:13:48'),
(137, 83, 2, 4.0266937, 9.7743798, 1, '2018-03-10 16:53:28'),
(138, 86, 3, 4.0154462, 9.2090257, 1, '2018-04-13 11:09:04'),
(139, 87, 1, 29.62684615, -82.36674168, 1, '2018-04-13 12:28:49'),
(140, 87, 1, 29.62682807, -82.36673217, 1, '2018-04-13 12:31:03'),
(141, 87, 4, 29.62681816, -82.36673765, 1, '2018-04-13 12:31:33'),
(142, 88, 3, 4.0354026, 9.0962197, 1, '2018-04-16 06:06:22'),
(143, 89, 3, 4.0339326, 9.0969513, 1, '2018-04-16 06:54:47'),
(144, 89, 3, 4.0346933, 9.0966402, 1, '2018-04-16 06:57:51'),
(145, 90, 1, 29.62684456, -82.36678302, 1, '2018-04-27 05:34:20'),
(146, 90, 4, 29.6268519, -82.36673559, 1, '2018-04-27 05:36:36'),
(147, 92, 1, 35.76159473, -6.28280085, 1, '2018-05-19 11:31:51'),
(148, 92, 2, 35.94237077, -6.21023823, 1, '2018-05-19 11:33:24'),
(149, 92, 3, 36.0964347, -6.16481133, 1, '2018-05-19 11:34:42'),
(150, 93, 1, 29.62678303, -82.36666274, 1, '2018-05-25 00:37:25'),
(151, 93, 4, 29.62680209, -82.36666685, 1, '2018-05-25 00:38:21'),
(152, 100, 1, 3.8890162, 11.5355199, 1, '2018-07-04 11:28:36'),
(153, 101, 3, 4.0295804, 9.0942587, 1, '2018-08-20 11:02:29'),
(154, 101, 4, 4.0340125, 9.0894299, 1, '2018-08-20 11:16:13'),
(155, 103, 1, 29.62680654, -82.36660133, 1, '2018-07-03 12:19:20'),
(156, 104, 1, 29.62684295, -82.36663015, 1, '2018-08-09 06:10:57'),
(157, 105, 3, 3.8682712, 11.5630688, 1, '2018-10-22 14:10:24'),
(158, 105, 4, 3.8676887, 11.5631193, 1, '2018-10-22 14:15:47'),
(159, 106, 2, 3.8680601, 11.5634359, 1, '2018-10-22 15:00:18'),
(160, 106, 1, 3.8678289, 11.56298, 1, '2018-10-22 15:02:46'),
(161, 107, 2, 3.8678846, 11.5628901, 1, '2018-10-22 14:52:41'),
(162, 107, 1, 3.8680777, 11.5632857, 1, '2018-10-22 14:55:41'),
(163, 108, 2, 3.8678846, 11.5628901, 1, '2018-10-22 14:52:41'),
(164, 108, 1, 3.8680777, 11.5632857, 1, '2018-10-22 14:55:41'),
(165, 109, 2, 3.7472898, 10.0190634, 1, '2018-11-04 12:01:58'),
(166, 109, 4, 3.7472334, 10.018323, 1, '2018-11-04 12:04:05'),
(167, 110, 3, 4.0403401, 9.092881, 1, '2018-11-07 14:21:36'),
(168, 115, 2, 4.0414374, 9.0784811, 1, '2018-11-13 09:12:23'),
(169, 116, 2, 4.0414374, 9.0784811, 1, '2018-11-13 09:12:23'),
(170, 129, 3, 4.0483278, 9.068781, 1, '2018-12-05 08:41:46'),
(171, 130, 3, 4.0418586, 9.0781842, 1, '2018-12-07 06:28:11'),
(172, 138, 2, 4.03634, 9.0859383, 1, '2018-12-18 06:09:25'),
(173, 139, 2, 4.03634, 9.0859383, 1, '2018-12-18 06:09:25'),
(174, 178, 1, 4.0028083, 9.2111133, 1, '2019-10-20 11:25:43'),
(175, 179, 1, 4.0028083, 9.2111133, 1, '2019-10-20 11:25:43'),
(176, 180, 1, 4.0028083, 9.2111133, 1, '2019-10-20 11:25:43'),
(177, 181, 4, 29.64980336, -82.41867825, 1, '2018-11-12 03:50:06'),
(178, 184, 4, 0.4412558, 9.4153467, 1, '2019-10-31 10:11:02'),
(179, 185, 4, 0.4412558, 9.4153467, 1, '2019-10-31 10:11:02'),
(180, 186, 2, 50.4674325, 4.858728, 1, '2019-11-01 11:27:08'),
(181, 187, 4, 50.4675067, 4.8587267, 1, '2019-11-01 11:45:22'),
(182, 188, 3, 4.0366335, 9.0862486, 1, '2019-11-04 06:13:01'),
(183, 189, 3, 4.0366335, 9.0862486, 1, '2019-11-04 06:13:01'),
(184, 190, 3, 4.0366335, 9.0862486, 1, '2019-11-04 06:13:01'),
(185, 191, 1, 25.84314215, -80.30769593, 1, '2019-11-04 17:48:47'),
(186, 191, 1, 25.86532718, -80.32276886, 1, '2019-11-04 17:54:36'),
(187, 192, 1, 25.84314215, -80.30769593, 1, '2019-11-04 17:48:47'),
(188, 192, 1, 25.86532718, -80.32276886, 1, '2019-11-04 17:54:36'),
(189, 193, 3, 4.0322731, 9.091644, 1, '2019-11-07 06:01:22'),
(190, 194, 2, 29.62694303, -82.36676453, 1, '2019-11-08 10:04:28'),
(191, 195, 3, 0.4401534, 9.4156636, 1, '2019-11-08 08:34:06'),
(192, 195, 3, 0.4398946, 9.415612, 1, '2019-11-08 08:37:01'),
(193, 196, 3, 0.4401534, 9.4156636, 1, '2019-11-08 08:34:06'),
(194, 196, 3, 0.4398946, 9.415612, 1, '2019-11-08 08:37:01'),
(195, 207, 2, 4.0285495, 9.0958296, 1, '2019-11-29 05:36:40'),
(196, 210, 3, 4.0366644, 9.0856955, 1, '2019-12-05 06:00:04'),
(197, 211, 3, 4.0366644, 9.0856955, 1, '2019-12-05 06:00:04'),
(198, 212, 3, 4.0366644, 9.0856955, 1, '2019-12-05 06:00:04'),
(199, 228, 4, 4.0377461, 9.0841314, 1, '2020-01-06 04:15:07'),
(200, 229, 3, 4.039793, 9.0815694, 1, '2020-01-06 04:25:54'),
(201, 230, 4, 4.0377461, 9.0841314, 1, '2020-01-06 04:15:07'),
(202, 231, 3, 4.039793, 9.0815694, 1, '2020-01-06 04:25:54'),
(203, 232, 4, 4.0377425, 9.0842405, 1, '2020-01-06 04:34:32'),
(204, 233, 1, 4.0361175, 9.0866746, 1, '2020-01-07 05:58:07'),
(205, 233, 4, 4.0363753, 9.0866562, 1, '2020-01-07 06:03:14'),
(206, 234, 1, 4.0361175, 9.0866746, 1, '2020-01-07 05:58:07'),
(207, 234, 4, 4.0363753, 9.0866562, 1, '2020-01-07 06:03:14'),
(208, 235, 4, 4.0381283, 9.0836336, 1, '2020-01-14 06:52:41'),
(209, 238, 1, 4.0388232, 9.0825524, 1, '2020-01-24 08:21:32'),
(210, 239, 1, 4.0388232, 9.0825524, 1, '2020-01-24 08:21:32'),
(211, 240, 1, 4.0388232, 9.0825524, 1, '2020-01-24 08:21:32'),
(212, 309, 4, 37.7565493, 122.5089131, NULL, '2020-10-27 05:04:15'),
(213, 310, 3, 37.7565493, -122.5089131, NULL, '2020-10-27 05:13:53'),
(214, 310, 4, 37.7565493, -122.5089131, NULL, '2020-10-27 05:13:53'),
(215, 311, 4, 37.7565493, -122.5089131, NULL, '2020-10-27 05:18:17'),
(216, 312, 4, 48.93783834, 2.02479418, 1, '2021-01-18 21:35:36');

-- --------------------------------------------------------

--
-- Structure de la table `participer`
--

CREATE TABLE `participer` (
  `id` int(11) NOT NULL,
  `patrouilleur_id` int(11) DEFAULT NULL,
  `projet_id` int(11) DEFAULT NULL,
  `etat` int(11) NOT NULL,
  `dateAdd` datetime NOT NULL
) ENGINE=InnoDB DEFAULT CHARSET=utf8 COLLATE=utf8_unicode_ci;

--
-- Déchargement des données de la table `participer`
--

INSERT INTO `participer` (`id`, `patrouilleur_id`, `projet_id`, `etat`, `dateAdd`) VALUES
(1, 18, 1, 1, '2017-11-08 22:11:38'),
(3, 19, 1, 0, '2017-11-09 05:24:18'),
(4, 20, 2, 1, '2017-11-10 01:36:59'),
(5, 20, 1, 1, '2017-11-18 07:43:19'),
(6, 18, 7, 1, '2017-11-18 10:41:41'),
(7, 23, 7, 1, '2017-11-30 21:23:04'),
(8, 40, 16, 1, '2018-04-13 12:16:21'),
(9, 29, 23, 0, '2018-09-28 12:49:09'),
(10, 37, 23, 0, '2018-10-20 13:47:33'),
(11, 49, 25, 1, '2018-11-08 07:13:29'),
(12, 29, 35, 1, '2019-11-08 11:36:52'),
(13, 81, 44, 1, '2020-11-09 09:20:39'),
(14, 49, 44, 1, '2020-11-09 09:21:54'),
(15, 49, 39, 1, '2020-11-09 09:34:26'),
(16, 81, 39, 1, '2020-11-09 09:35:21');

-- --------------------------------------------------------

--
-- Structure de la table `patrouille`
--

CREATE TABLE `patrouille` (
  `id` int(11) NOT NULL,
  `segment_id` int(11) NOT NULL,
  `type_id` int(11) NOT NULL,
  `patrouilleur_id` int(11) NOT NULL,
  `nomSite` varchar(255) COLLATE utf8_unicode_ci DEFAULT NULL,
  `etat` int(11) NOT NULL,
  `dateDebut` datetime NOT NULL,
  `dateFin` datetime DEFAULT NULL,
  `coordXDebut` double DEFAULT NULL,
  `coordYDebut` double DEFAULT NULL,
  `coordXFin` double DEFAULT NULL,
  `coordYFin` double DEFAULT NULL,
  `projet_id` int(11) DEFAULT NULL
) ENGINE=InnoDB DEFAULT CHARSET=utf8 COLLATE=utf8_unicode_ci;

--
-- Déchargement des données de la table `patrouille`
--

INSERT INTO `patrouille` (`id`, `segment_id`, `type_id`, `patrouilleur_id`, `nomSite`, `etat`, `dateDebut`, `dateFin`, `coordXDebut`, `coordYDebut`, `coordXFin`, `coordYFin`, `projet_id`) VALUES
(2, 4, 1, 2, 'Bamianga', 1, '2017-02-10 10:30:00', '2017-02-10 14:17:00', 3.630852, 9.662079, 3.792932, 9.569293, 1),
(3, 4, 1, 2, 'Corsal', 1, '2017-03-08 17:30:00', '2017-03-08 18:50:00', 3.018798, 9.200989, 4.041117, 9.378584, 1),
(25, 5, 1, 2, 'YAOUNDE', 1, '1991-08-12 07:19:51', '1991-08-12 07:19:51', 3.8480325, 3.8480325, 3.8480325, 11.5020752, 1),
(26, 5, 1, 2, 'BERTOUA', 1, '1991-08-13 17:47:12', '1991-08-13 17:47:12', 3.8480325, 3.8480325, 3.8480325, 11.5020752, 1),
(27, 9, 1, 2, 'Omnisport', 1, '2017-08-10 18:30:00', '2017-08-10 20:00:00', 3.8580725, 3.8480325, 4.148117, 9.574584, 1),
(28, 9, 1, 2, NULL, 0, '2017-10-13 15:30:00', '2017-10-13 19:00:00', 3.586898, 8.8456985, NULL, NULL, 1),
(30, 15, 1, 20, 'Toto', 1, '2017-11-11 23:35:29', '2017-11-11 23:35:29', 3.8915707, 11.5344158, 3.8915707, 11.5344158, 1),
(31, 17, 1, 20, NULL, 0, '2017-11-17 16:27:46', '2017-11-17 16:27:46', 0, 0, 0, 0, 1),
(32, 17, 1, 20, NULL, 0, '2017-11-17 16:27:46', '2017-11-17 16:27:46', 0, 0, 0, 0, 1),
(33, 18, 1, 20, NULL, 0, '2017-11-17 17:26:45', '2017-11-17 17:26:45', 0, 0, 0, 0, 1),
(34, 17, 1, 20, NULL, 0, '2017-11-17 19:10:20', '2017-11-17 19:10:20', 0, 0, 0, 0, 1),
(35, 9, 1, 20, NULL, 0, '2017-11-18 08:22:09', '2017-11-18 08:22:09', 3.9111362, 11.5774165, 3.9155284, 11.5793433, 1),
(36, 9, 1, 20, NULL, 0, '2017-11-18 08:22:09', '2017-11-18 08:22:09', 3.9111362, 11.5774165, 3.9155284, 11.5793433, 1),
(37, 9, 1, 20, NULL, 0, '2017-11-18 08:22:09', '2017-11-18 08:22:09', 3.9111362, 11.5774165, 3.9155284, 11.5793433, 1),
(38, 9, 1, 20, NULL, 0, '2017-11-18 08:22:09', '2017-11-18 08:22:09', 3.9111362, 11.5774165, 3.9155284, 11.5793433, 1),
(39, 20, 1, 29, NULL, 0, '2017-11-18 11:26:18', '2017-11-18 11:26:18', 29.6268223, -82.366733, 29.6268224, -82.3667314, 7),
(40, 20, 1, 29, NULL, 0, '2017-11-18 11:26:18', '2017-11-18 11:26:18', 29.6268223, -82.366733, 29.6268224, -82.3667314, 7),
(41, 21, 1, 29, NULL, 0, '0000-00-00 00:00:00', '0000-00-00 00:00:00', NULL, NULL, NULL, NULL, 7),
(42, 4, 1, 20, NULL, 0, '2017-11-19 19:52:53', '2017-11-19 19:52:53', 3.8498076, 11.5346483, 3.8498076, 11.5346483, 1),
(43, 20, 1, 29, NULL, 0, '2017-11-19 20:55:17', '2017-11-19 20:55:17', 29.6268243, -82.3667302, 29.6268228, -82.3667284, 7),
(44, 20, 1, 29, NULL, 0, '2017-11-19 20:55:17', '2017-11-19 20:55:17', 29.6268243, -82.3667302, 29.6268228, -82.3667284, 7),
(45, 20, 1, 29, NULL, 0, '2017-11-19 20:55:17', '2017-11-19 20:55:17', 29.6268243, -82.3667302, 29.6268228, -82.3667284, 7),
(46, 20, 1, 29, NULL, 1, '2017-11-19 20:47:14', '2017-11-19 20:47:14', 29.6268304, -82.3667598, 29.6268216, -82.3667308, 7),
(47, 20, 1, 29, NULL, 0, '2017-11-19 20:55:17', '2017-11-19 20:55:17', 29.6268243, -82.3667302, 29.6268228, -82.3667284, 7),
(48, 20, 1, 29, NULL, 1, '2017-11-19 20:55:17', '2017-11-19 20:55:17', 29.6268243, -82.3667302, 29.6268228, -82.3667284, 7),
(49, 20, 1, 29, NULL, 0, '2017-11-19 20:47:14', '2017-11-19 20:47:14', 29.6268304, -82.3667598, 29.6268216, -82.3667308, 7),
(50, 20, 1, 29, NULL, 0, '2017-11-19 21:59:04', '2017-11-19 21:59:04', 3.8480281, 11.5367054, 3.8496229, 11.5342187, 7),
(51, 20, 1, 29, NULL, 0, '2017-11-20 00:13:12', '2017-11-20 00:13:12', 0, 0, 0, 0, 7),
(52, 15, 1, 20, NULL, 1, '2017-11-20 00:42:24', '2017-11-20 00:42:24', 3.9155483, 11.5779218, 3.9111362, 11.5774165, 1),
(53, 20, 1, 29, NULL, 0, '2017-11-20 00:44:54', '2017-11-20 00:44:54', 3.9111362, 11.5774165, 3.9111362, 11.5774165, 7),
(54, 20, 1, 29, NULL, 0, '2017-11-20 01:32:15', '2017-11-20 01:32:15', 29.6268167, -82.3667302, 29.6268053, -82.3667129, 7),
(55, 20, 1, 29, NULL, 1, '2017-11-20 01:36:30', '2017-11-20 01:36:30', 29.6268191, -82.3667264, 29.6268193, -82.3667286, 7),
(56, 20, 1, 29, NULL, 1, '2017-11-20 07:15:50', '2017-11-20 07:15:50', 3.9115606, 11.5776881, 3.9121429, 11.5780607, 7),
(57, 19, 1, 29, NULL, 1, '2017-11-20 08:18:24', '2017-11-20 08:18:24', 0, 0, 0, 0, 7),
(58, 8, 1, 2, NULL, 1, '2017-11-24 20:26:07', '2017-11-24 20:26:07', 0, 0, 0, 0, 2),
(59, 8, 1, 2, NULL, 1, '2017-11-24 20:27:37', '2017-11-24 20:27:37', 0, 0, 0, 0, 2),
(60, 8, 1, 20, NULL, 1, '2017-11-26 14:42:45', '2017-11-26 14:42:45', 0, 0, 0, 0, 2),
(61, 19, 1, 29, NULL, 1, '2017-11-29 10:29:24', '2017-11-29 10:29:24', 2.9384206, 9.9037535, 2.9384206, 9.9037535, 7),
(62, 22, 1, 29, NULL, 1, '2017-11-30 21:39:50', '2017-11-30 21:39:50', 2.8145903, 9.8331259, 2.8145903, 9.8331259, 9),
(63, 22, 1, 29, NULL, 1, '2017-11-30 21:39:50', '2017-11-30 21:39:50', 2.8145903, 9.8331259, 2.8145903, 9.8331259, 9),
(64, 5, 1, 20, NULL, 1, '2017-12-01 07:27:14', '2017-12-01 07:27:40', 3.9164759, 11.5786326, 3.9164759, 11.5786326, 2),
(65, 5, 1, 20, NULL, 1, '2017-12-01 07:28:58', '2017-12-01 07:34:13', 3.9164759, 11.5786326, 3.9164759, 11.5786326, 2),
(66, 23, 1, 20, NULL, 1, '2017-12-01 14:29:02', '2017-12-01 14:29:18', 3.9164759, 11.5786326, 3.9164759, 11.5786326, 2),
(67, 24, 1, 20, NULL, 1, '2017-12-01 14:38:12', '2017-12-01 14:38:34', 3.9168232, 11.5761449, 3.9168232, 11.5761449, 1),
(68, 25, 1, 20, NULL, 1, '2017-12-01 14:43:04', '2017-12-01 14:43:28', 3.9168232, 11.5761449, 3.9168232, 11.5761449, 1),
(69, 26, 1, 20, NULL, 1, '2017-12-01 14:41:13', '2017-12-01 14:41:45', 3.9168232, 11.5761449, 3.9168232, 11.5761449, 1),
(70, 27, 1, 20, NULL, 1, '2017-12-01 15:04:10', '2017-12-01 15:04:55', 3.9168232, 11.5761449, 3.9168232, 11.5761449, 1),
(71, 28, 1, 20, NULL, 1, '2017-12-01 15:27:28', '2017-12-01 15:27:41', 3.9168232, 11.5761449, 3.9168232, 11.5761449, 2),
(72, 8, 1, 20, NULL, 1, '2017-12-01 15:25:41', '2017-12-01 15:26:03', 3.9168232, 11.5761449, 3.9168232, 11.5761449, 2),
(73, 22, 1, 29, NULL, 1, '2017-12-01 19:53:21', '2017-12-01 19:59:56', 2.93870733, 9.9042568, 2.938519, 9.90437198, 9),
(74, 5, 1, 20, NULL, 1, '2017-12-18 14:51:39', '2017-12-18 14:55:01', 3.9113317, 11.5771483, 3.911225, 11.5772667, 2),
(75, 29, 1, 37, NULL, 1, '2018-01-13 15:14:33', '2018-01-13 15:51:50', 29.62710625, -82.36675913, 29.62688252, -82.36675614, 11),
(76, 9, 1, 2, NULL, 1, '2018-01-01 10:00:00', '2018-01-01 18:00:00', 3.186898, 8.8456985, NULL, NULL, 1),
(77, 8, 1, 2, NULL, 1, '2018-01-16 07:21:55', '2018-01-16 07:22:04', 3.8665046, 11.4628743, 3.8665046, 11.4628743, 2),
(78, 29, 1, 37, NULL, 1, '2018-02-13 14:23:03', '2018-02-13 14:27:36', 29.62682707, -82.36660964, 29.62692484, -82.36681824, 11),
(79, 29, 1, 37, NULL, 1, '2018-02-25 21:15:55', '2018-02-25 21:46:56', 29.62689125, -82.36674877, 29.62674988, -82.36678914, 11),
(80, 29, 1, 37, NULL, 1, '2018-02-13 14:23:03', '2018-02-13 14:27:36', 29.62682707, -82.36660964, 29.62692484, -82.36681824, 11),
(81, 30, 1, 40, NULL, 1, '2018-03-14 11:24:39', '2018-03-14 12:43:03', 4.2557333, 8.9393817, 4.2324416, 8.97238, 14),
(82, 31, 1, 40, NULL, 1, '2018-03-23 15:18:46', '2018-03-23 15:24:39', 4.0695083, 9.0265917, 4.0692307, 9.0233116, 14),
(83, 28, 1, 20, NULL, 1, '2018-03-10 17:07:24', '2018-03-10 17:07:31', 4.0266268, 9.7744243, 4.0269109, 9.7743454, 2),
(84, 8, 1, 20, NULL, 1, '2018-04-09 15:26:12', '2018-04-09 15:26:13', 4.0268299, 9.7743379, 4.0270161, 9.7743067, 2),
(85, 32, 1, 40, NULL, 1, '2018-03-19 09:17:39', '2018-03-19 10:58:42', 4.0282433, 9.0956333, 4.0587109, 9.0469241, 14),
(86, 33, 1, 40, NULL, 1, '2018-04-13 11:08:52', '2018-04-13 11:11:11', 4.0152781, 9.2089799, 4.0156851, 9.2089919, 14),
(87, 34, 1, 37, NULL, 1, '2018-04-13 12:28:45', '2018-04-13 12:33:23', 29.62689468, -82.36671736, 29.62680974, -82.36673353, 16),
(88, 34, 1, 40, NULL, 1, '2018-04-16 06:05:46', '2018-04-16 06:10:23', 4.0352536, 9.0957877, 4.0339096, 9.0970773, 16),
(89, 34, 1, 40, NULL, 1, '2018-04-16 06:54:44', '2018-04-16 07:00:21', 4.0338032, 9.0968655, 4.03539, 9.0958667, 16),
(90, 34, 1, 37, NULL, 1, '2018-04-27 05:34:17', '2018-04-27 05:37:16', 29.6268618, -82.36674654, 29.62684828, -82.36672801, 16),
(91, 35, 1, 42, NULL, 1, '2018-05-17 17:29:15', '2018-05-17 17:32:38', 35.2319482, 11.1265871, 35.2319053, 11.1265819, 18),
(92, 34, 1, 37, NULL, 1, '2018-05-19 11:31:43', '2018-05-19 11:36:28', 35.72521052, -6.30451127, 36.30946383, -6.10129147, 16),
(93, 34, 1, 37, NULL, 1, '2018-05-25 00:37:23', '2018-05-25 00:39:30', 29.62677866, -82.36664686, 29.62679922, -82.36666999, 16),
(94, 9, 1, 20, NULL, 1, '2018-05-28 12:18:11', '2018-05-28 12:18:13', 4.0278497, 9.7743981, 4.0269524, 9.7741431, 1),
(95, 7, 1, 20, NULL, 1, '2018-05-28 12:28:05', '2018-05-28 12:28:08', 4.0269983, 9.7740433, 4.027048, 9.7742021, 1),
(96, 4, 1, 20, NULL, 1, '2018-05-31 10:43:49', '2018-05-31 10:43:52', 4.0267965, 9.7743576, 4.0268559, 9.774299, 1),
(97, 7, 1, 20, NULL, 1, '2018-05-31 10:46:09', '2018-05-31 10:46:14', 4.0269919, 9.7742105, 4.0268264, 9.7743433, 1),
(98, 4, 1, 20, NULL, 1, '2018-05-31 10:47:01', '2018-05-31 10:47:03', 4.0265883, 9.774335, 4.0267615, 9.7743487, 1),
(99, 4, 1, 20, NULL, 1, '2018-05-31 11:01:01', '2018-05-31 11:01:07', 4.0271119, 9.7742692, 4.0270739, 9.7742921, 1),
(100, 7, 1, 20, NULL, 1, '2018-07-04 11:25:40', '2018-07-04 11:29:11', 3.8891801, 11.5354712, 3.8890101, 11.5355435, 1),
(101, 32, 1, 40, NULL, 1, '2018-08-20 10:32:24', '2018-08-20 11:28:50', 4.0280783, 9.0945067, 4.0361654, 9.0862303, 14),
(102, 34, 1, 37, NULL, 1, '2018-08-18 19:03:54', '2018-08-18 19:04:15', 29.62685755, -82.36674647, 29.62683691, -82.36662782, 16),
(103, 34, 1, 37, NULL, 1, '2018-07-03 12:19:18', '2018-07-03 12:20:07', 29.62679329, -82.36668289, 29.62679019, -82.36667465, 16),
(104, 34, 1, 37, NULL, 1, '2018-08-09 06:10:54', '2018-08-09 06:14:31', 29.62692502, -82.36660849, 29.62685205, -82.36657586, 16),
(105, 36, 1, 40, NULL, 1, '2018-10-22 14:08:28', '2018-10-22 14:18:26', 3.8682667, 11.5626717, 3.8681383, 11.5628261, 23),
(106, 37, 1, 40, NULL, 1, '2018-10-22 14:58:45', '2018-10-22 15:04:15', 3.8684633, 11.5627617, 3.8682075, 11.5626691, 23),
(107, 39, 1, 40, NULL, 1, '2018-10-22 14:51:27', '2018-10-22 14:57:28', 3.8681767, 11.5626217, 3.8684315, 11.5627445, 23),
(108, 39, 1, 40, NULL, 1, '2018-10-22 14:51:27', '2018-10-22 14:57:28', 3.8681767, 11.5626217, 3.8684315, 11.5627445, 23),
(109, 36, 1, 40, NULL, 1, '2018-11-04 12:00:51', '2018-11-04 12:09:16', 3.7472297, 10.0197765, 3.747398, 10.0174631, 23),
(110, 34, 1, 40, NULL, 1, '2018-11-07 14:21:04', '2018-11-07 14:24:17', 4.0404616, 9.0926186, 4.0399058, 9.0934002, 16),
(111, 42, 1, 49, NULL, 1, '2018-11-08 09:18:31', '2018-11-08 10:51:39', 4.0286175, 9.0956803, 4.0399215, 9.0812008, 25),
(112, 43, 1, 49, NULL, 1, '2018-11-09 07:43:51', '2018-11-09 08:50:25', 4.06274, 9.03658, 4.0680112, 9.0229148, 25),
(113, 43, 1, 49, NULL, 1, '2018-11-09 07:43:51', '2018-11-09 08:50:25', 4.06274, 9.03658, 4.0680112, 9.0229148, 25),
(114, 43, 1, 49, NULL, 1, '2018-11-09 07:43:51', '2018-11-09 08:50:25', 4.06274, 9.03658, 4.0680112, 9.0229148, 25),
(115, 42, 1, 49, NULL, 1, '2018-11-13 07:34:04', '2018-11-13 09:23:06', 4.0280404, 9.0959457, 4.041735, 9.0778684, 25),
(116, 42, 1, 49, NULL, 1, '2018-11-13 07:34:04', '2018-11-13 09:23:06', 4.0280404, 9.0959457, 4.041735, 9.0778684, 25),
(117, 43, 1, 49, NULL, 1, '2018-11-14 07:19:23', '2018-11-14 08:37:02', 4.062105, 9.0380717, 4.0690774, 9.0230902, 25),
(118, 43, 1, 49, NULL, 1, '2018-11-14 07:19:23', '2018-11-14 08:37:02', 4.062105, 9.0380717, 4.0690774, 9.0230902, 25),
(119, 44, 1, 49, NULL, 1, '2018-11-20 09:25:00', '2018-11-21 03:12:58', 4.0020683, 9.2113633, 4.0349183, 9.0954983, 25),
(120, 42, 1, 49, NULL, 1, '2018-11-21 07:54:23', '2018-11-21 09:15:58', 4.0282767, 9.0957167, 4.0410693, 9.079245, 25),
(121, 43, 1, 49, NULL, 1, '2018-11-22 07:38:06', '2018-11-22 08:29:50', 4.0631289, 9.0358621, 4.0686985, 9.0229267, 25),
(122, 43, 1, 49, NULL, 1, '2018-11-22 07:38:06', '2018-11-22 08:29:50', 4.0631289, 9.0358621, 4.0686985, 9.0229267, 25),
(123, 43, 1, 49, NULL, 1, '2018-11-22 07:38:06', '2018-11-22 08:29:50', 4.0631289, 9.0358621, 4.0686985, 9.0229267, 25),
(124, 42, 1, 49, NULL, 1, '2018-11-27 07:35:37', '2018-11-27 08:45:20', 4.0278507, 9.0960246, 4.0385692, 9.0829655, 25),
(125, 42, 1, 49, NULL, 1, '2018-11-27 07:35:37', '2018-11-27 08:45:20', 4.0278507, 9.0960246, 4.0385692, 9.0829655, 25),
(126, 43, 1, 49, NULL, 1, '2018-11-28 07:23:22', '2018-11-28 08:17:17', 4.062775, 9.0360333, 4.0697222, 9.0247837, 25),
(127, 42, 1, 49, NULL, 1, '2018-12-05 07:23:39', '2018-12-05 08:28:09', 4.02884, 9.09611, 4.036563, 9.0858568, 25),
(128, 42, 1, 49, NULL, 1, '2018-12-05 07:23:39', '2018-12-05 08:28:09', 4.02884, 9.09611, 4.036563, 9.0858568, 25),
(129, 42, 1, 49, NULL, 1, '2018-12-05 08:41:44', '2018-12-05 08:49:51', 4.0417259, 9.07843, 4.0370105, 9.0850944, 25),
(130, 42, 1, 49, NULL, 1, '2018-12-07 06:27:06', '2018-12-07 06:29:08', 4.0369883, 9.0851967, 4.0370033, 9.0852567, 25),
(131, 43, 1, 49, NULL, 1, '2018-12-07 06:58:28', '2018-12-07 07:27:30', 4.0626667, 9.0363463, 4.0694097, 9.0235556, 25),
(132, 43, 1, 49, NULL, 1, '2018-12-13 06:51:11', '2018-12-13 07:44:38', 4.069217, 9.0225505, 4.0650283, 9.034225, 25),
(133, 43, 1, 49, NULL, 1, '2018-12-13 06:51:11', '2018-12-13 07:44:38', 4.069217, 9.0225505, 4.0650283, 9.034225, 25),
(134, 43, 1, 49, NULL, 1, '2018-12-13 06:51:11', '2018-12-13 07:44:38', 4.069217, 9.0225505, 4.0650283, 9.034225, 25),
(135, 42, 1, 49, NULL, 1, '2018-12-14 05:22:19', '2018-12-14 07:18:03', 4.02861, 9.0960933, 4.0356772, 9.0870014, 25),
(136, 42, 1, 49, NULL, 1, '2018-12-17 06:16:27', '2018-12-17 07:01:12', 4.029505, 9.0947683, 4.0406421, 9.0792397, 25),
(137, 42, 1, 49, NULL, 1, '2018-12-17 06:16:27', '2018-12-17 07:01:12', 4.029505, 9.0947683, 4.0406421, 9.0792397, 25),
(138, 42, 1, 49, NULL, 1, '2018-12-18 05:41:50', '2018-12-18 06:11:23', 4.0316117, 9.092245, 4.0364144, 9.0860593, 25),
(139, 42, 1, 49, NULL, 1, '2018-12-18 05:41:50', '2018-12-18 06:11:23', 4.0316117, 9.092245, 4.0364144, 9.0860593, 25),
(140, 43, 1, 49, NULL, 1, '2018-12-18 07:06:05', '2018-12-18 07:51:41', 4.0629617, 9.035665, 4.0695844, 9.0239579, 25),
(141, 42, 1, 49, NULL, 1, '2019-01-10 05:56:21', '2019-01-10 06:54:04', 4.0283946, 9.0962031, 4.035575, 9.0868367, 25),
(142, 42, 1, 49, NULL, 1, '2019-01-10 05:56:21', '2019-01-10 06:54:04', 4.0283946, 9.0962031, 4.035575, 9.0868367, 25),
(143, 42, 1, 49, NULL, 1, '2019-01-10 05:56:21', '2019-01-10 06:54:04', 4.0283946, 9.0962031, 4.035575, 9.0868367, 25),
(144, 42, 1, 49, NULL, 1, '2019-01-10 05:56:21', '2019-01-10 06:54:04', 4.0283946, 9.0962031, 4.035575, 9.0868367, 25),
(145, 42, 1, 49, NULL, 1, '2019-01-10 05:56:21', '2019-01-10 06:54:04', 4.0283946, 9.0962031, 4.035575, 9.0868367, 25),
(146, 42, 1, 49, NULL, 1, '2019-01-10 05:56:21', '2019-01-10 06:54:04', 4.0283946, 9.0962031, 4.035575, 9.0868367, 25),
(147, 43, 1, 49, NULL, 1, '2019-01-11 05:57:47', '2019-01-11 07:07:01', 4.0629383, 9.0356633, 4.0688217, 9.02271, 25),
(148, 42, 1, 49, NULL, 1, '2019-02-16 06:20:19', '2019-02-16 07:23:48', 4.0394017, 9.0844933, 4.04011, 9.08204, 25),
(149, 42, 1, 49, NULL, 1, '2019-02-20 07:08:06', '2019-02-20 08:04:56', 4.0288133, 9.095195, 4.0363943, 9.0861695, 25),
(150, 42, 1, 49, NULL, 1, '2019-03-02 06:28:32', '2019-03-02 07:14:18', 4.027735, 9.0960383, 4.0396742, 9.0816782, 25),
(151, 42, 1, 49, NULL, 1, '2019-03-02 06:28:32', '2019-03-02 07:14:18', 4.027735, 9.0960383, 4.0396742, 9.0816782, 25),
(152, 42, 1, 49, NULL, 1, '2019-03-04 06:44:36', '2019-03-04 07:45:04', 4.0273483, 9.0961917, 4.0418635, 9.0772932, 25),
(153, 42, 1, 49, NULL, 1, '2019-03-04 06:44:36', '2019-03-04 07:45:04', 4.0273483, 9.0961917, 4.0418635, 9.0772932, 25),
(154, 43, 1, 49, NULL, 1, '2019-03-09 09:42:37', '2019-03-09 10:43:11', 4.062415, 9.0364033, 4.069755, 9.0250617, 25),
(155, 43, 1, 49, NULL, 1, '2019-03-14 08:58:39', '2019-03-14 09:46:51', 4.0630717, 9.0358317, 4.0688074, 9.0227277, 25),
(156, 42, 1, 49, NULL, 1, '2019-03-15 07:38:48', '2019-03-15 09:02:57', 4.0301633, 9.09395, 4.040005, 9.0815783, 25),
(157, 42, 1, 49, NULL, 1, '2019-03-15 07:38:48', '2019-03-15 09:02:57', 4.0301633, 9.09395, 4.040005, 9.0815783, 25),
(158, 43, 1, 49, NULL, 1, '2019-03-19 09:19:47', '2019-03-19 10:17:13', 4.0695933, 9.024365, 4.064965, 9.0348333, 25),
(159, 42, 1, 49, NULL, 1, '2019-03-20 06:49:01', '2019-03-20 08:20:24', 4.02701, 9.0964317, 4.0364233, 9.086195, 25),
(160, 42, 1, 49, NULL, 1, '2019-03-25 09:06:05', '2019-03-25 10:47:04', 4.0315633, 9.0924633, 4.0352743, 9.0960697, 25),
(161, 43, 1, 49, NULL, 1, '2019-03-27 07:14:22', '2019-03-27 08:21:24', 4.0631933, 9.035575, 4.0690067, 9.0232283, 25),
(162, 43, 1, 49, NULL, 1, '2019-03-27 07:14:22', '2019-03-27 08:21:24', 4.0631933, 9.035575, 4.0690067, 9.0232283, 25),
(163, 43, 1, 49, NULL, 1, '2019-03-27 07:14:22', '2019-03-27 08:21:24', 4.0631933, 9.035575, 4.0690067, 9.0232283, 25),
(164, 43, 1, 49, NULL, 1, '2019-04-02 09:39:13', '2019-04-02 10:29:36', 4.0629917, 9.03568, 4.06908, 9.0232852, 25),
(165, 43, 1, 49, NULL, 1, '2019-04-02 09:39:13', '2019-04-02 10:29:36', 4.0629917, 9.03568, 4.06908, 9.0232852, 25),
(166, 43, 1, 49, NULL, 1, '2019-04-02 09:39:13', '2019-04-02 10:29:36', 4.0629917, 9.03568, 4.06908, 9.0232852, 25),
(167, 42, 1, 49, NULL, 1, '2019-04-03 07:17:16', '2019-04-03 08:36:01', 4.027365, 9.096095, 4.0364663, 9.0877217, 25),
(168, 43, 1, 49, NULL, 1, '2019-04-17 08:20:29', '2019-04-17 09:30:13', 4.0628833, 9.0357267, 4.0696833, 9.02414, 25),
(169, 42, 1, 49, NULL, 1, '2019-04-18 07:59:01', '2019-04-18 09:17:09', 4.028505, 9.09592, 4.0396717, 9.081335, 25),
(170, 42, 1, 49, NULL, 1, '2019-04-18 07:59:01', '2019-04-18 09:17:09', 4.028505, 9.09592, 4.0396717, 9.081335, 25),
(171, 42, 1, 49, NULL, 1, '2019-04-18 07:59:01', '2019-04-18 09:17:09', 4.028505, 9.09592, 4.0396717, 9.081335, 25),
(172, 42, 1, 49, NULL, 1, '2019-04-22 07:17:58', '2019-04-22 08:18:43', 4.02837, 9.0958517, 4.0368556, 9.0853528, 25),
(173, 42, 1, 49, NULL, 1, '2019-04-22 07:17:58', '2019-04-22 08:18:43', 4.02837, 9.0958517, 4.0368556, 9.0853528, 25),
(174, 42, 1, 49, NULL, 1, '2019-04-22 07:17:58', '2019-04-22 08:18:43', 4.02837, 9.0958517, 4.0368556, 9.0853528, 25),
(175, 42, 1, 49, NULL, 1, '2019-04-22 07:17:58', '2019-04-22 08:18:43', 4.02837, 9.0958517, 4.0368556, 9.0853528, 25),
(176, 42, 1, 49, NULL, 1, '2019-05-01 09:19:39', '2019-05-01 10:02:09', 4.03998, 9.081915, 4.0279617, 9.0960267, 25),
(177, 42, 1, 49, NULL, 1, '2019-05-01 09:19:39', '2019-05-01 10:02:09', 4.03998, 9.081915, 4.0279617, 9.0960267, 25),
(178, 42, 1, 40, NULL, 1, '2019-10-20 11:25:13', '2019-10-20 11:30:08', 4.00293, 9.211125, 4.0032614, 9.2117014, 25),
(179, 42, 1, 40, NULL, 1, '2019-10-20 11:25:13', '2019-10-20 11:30:08', 4.00293, 9.211125, 4.0032614, 9.2117014, 25),
(180, 42, 1, 40, NULL, 1, '2019-10-20 11:25:13', '2019-10-20 11:30:08', 4.00293, 9.211125, 4.0032614, 9.2117014, 25),
(181, 34, 1, 37, NULL, 1, '2018-11-12 03:49:50', '2019-03-17 10:47:47', 29.6497843, -82.41855445, 29.62680174, -82.36662051, 16),
(182, 42, 1, 49, NULL, 1, '2019-10-31 05:19:33', '2019-10-31 06:13:33', 4.0280561, 9.0959173, 4.0393174, 9.0819906, 25),
(183, 5, 1, 2, NULL, 1, '2019-10-31 10:53:52', '2019-10-31 12:15:52', 50.4660632, 4.8575465, 50.4664559, 4.8517865, 2),
(184, 45, 1, 62, NULL, 1, '2019-10-31 10:05:55', '2019-10-31 10:13:37', 0.4412591, 9.4154452, 0.4412473, 9.4154102, 33),
(185, 45, 1, 62, NULL, 1, '2019-10-31 10:05:55', '2019-10-31 10:13:37', 0.4412591, 9.4154452, 0.4412473, 9.4154102, 33),
(186, 8, 1, 2, NULL, 1, '2019-11-01 11:26:53', '2019-11-01 11:28:07', 50.4674519, 4.8589375, 50.4675574, 4.8589955, 2),
(187, 5, 1, 2, NULL, 1, '2019-11-01 11:45:13', '2019-11-01 11:46:49', 50.4674118, 4.8588374, 50.4674612, 4.8586292, 2),
(188, 42, 1, 49, NULL, 1, '2019-11-04 05:17:30', '2019-11-04 06:46:01', 4.0277549, 9.0961174, 4.0398441, 9.0815621, 25),
(189, 42, 1, 49, NULL, 1, '2019-11-04 05:17:30', '2019-11-04 06:46:01', 4.0277549, 9.0961174, 4.0398441, 9.0815621, 25),
(190, 42, 1, 49, NULL, 1, '2019-11-04 05:17:30', '2019-11-04 06:46:01', 4.0277549, 9.0961174, 4.0398441, 9.0815621, 25),
(191, 37, 1, 37, NULL, 1, '2019-11-04 17:48:45', '2019-11-04 17:55:21', 25.84228886, -80.30651299, 25.87801119, -80.32329651, 23),
(192, 37, 1, 37, NULL, 1, '2019-11-04 17:48:45', '2019-11-04 17:55:21', 25.84228886, -80.30651299, 25.87801119, -80.32329651, 23),
(193, 42, 1, 49, NULL, 1, '2019-11-07 05:55:39', '2019-11-07 06:49:48', 4.0301219, 9.0938791, 4.0450492, 9.072599, 25),
(194, 29, 1, 37, NULL, 1, '2019-11-08 10:04:26', '2019-11-08 10:04:49', 29.62694467, -82.36676533, 29.62693383, -82.36677039, 11),
(195, 46, 1, 62, NULL, 1, '2019-11-08 08:27:52', '2019-11-08 08:48:11', 0.4415325, 9.4155101, 0.4412454, 9.4154738, 33),
(196, 46, 1, 62, NULL, 1, '2019-11-08 08:27:52', '2019-11-08 08:48:11', 0.4415325, 9.4155101, 0.4412454, 9.4154738, 33),
(197, 45, 1, 62, NULL, 1, '2019-11-03 06:37:03', '2019-11-08 08:24:07', 0.4414654, 9.4153086, 0.4415325, 9.4155101, 33),
(198, 45, 1, 62, NULL, 1, '2019-11-03 06:37:03', '2019-11-08 08:24:07', 0.4414654, 9.4153086, 0.4415325, 9.4155101, 33),
(199, 29, 1, 37, NULL, 1, '2019-11-08 11:00:14', '2019-11-08 11:31:59', 29.6268234, -82.36672495, 29.62691193, -82.36674813, 11),
(200, 47, 1, 62, NULL, 1, '2019-11-08 11:30:25', '2019-11-08 11:45:30', 0.4412293, 9.4154473, 0.441238, 9.4154478, 35),
(201, 47, 1, 29, NULL, 1, '2019-11-08 12:04:45', '2019-11-08 12:04:58', 29.62681385, -82.36672446, 29.62687678, -82.36676124, 35),
(202, 42, 1, 49, NULL, 1, '2019-11-10 07:02:32', '2019-11-10 07:41:28', 4.027178, 9.0971092, 4.0362332, 9.086554, 25),
(203, 42, 1, 49, NULL, 1, '2019-11-10 07:02:32', '2019-11-10 07:41:28', 4.027178, 9.0971092, 4.0362332, 9.086554, 25),
(204, 42, 1, 49, NULL, 1, '2019-11-10 07:02:32', '2019-11-10 07:41:28', 4.027178, 9.0971092, 4.0362332, 9.086554, 25),
(205, 47, 1, 62, NULL, 1, '2019-11-11 07:04:45', '2019-11-11 14:02:48', 0.4406534, 9.4153857, 0.4412065, 9.4154469, 35),
(206, 42, 1, 49, NULL, 1, '2019-11-27 05:04:20', '2019-11-27 05:36:38', 4.0285767, 9.0956578, 4.0384945, 9.0831001, 25),
(207, 42, 1, 49, NULL, 1, '2019-11-29 05:36:04', '2019-11-29 06:14:37', 4.0286951, 9.0955553, 4.0394146, 9.0818528, 25),
(208, 42, 1, 49, NULL, 1, '2019-12-01 05:53:24', '2019-12-01 06:12:52', 4.0281157, 9.0959112, 4.0355153, 9.0878034, 25),
(209, 42, 1, 49, NULL, 1, '2019-12-03 05:29:04', '2019-12-03 05:51:27', 4.0282885, 9.0958175, 4.0353177, 9.0878074, 25),
(210, 42, 1, 49, NULL, 1, '2019-12-05 05:32:57', '2019-12-05 06:20:03', 4.0284, 9.0955785, 4.0399432, 9.0813671, 25),
(211, 42, 1, 49, NULL, 1, '2019-12-05 05:32:57', '2019-12-05 06:20:03', 4.0284, 9.0955785, 4.0399432, 9.0813671, 25),
(212, 42, 1, 49, NULL, 1, '2019-12-05 05:32:57', '2019-12-05 06:20:03', 4.0284, 9.0955785, 4.0399432, 9.0813671, 25),
(213, 42, 1, 49, NULL, 1, '2019-12-07 05:06:40', '2019-12-07 05:59:53', 4.0284182, 9.0956392, 4.0390593, 9.0822231, 25),
(214, 42, 1, 49, NULL, 1, '2019-12-11 05:47:05', '2019-12-11 06:29:27', 4.0282468, 9.0957127, 4.0391225, 9.0825436, 25),
(215, 42, 1, 49, NULL, 1, '2019-12-13 05:56:42', '2019-12-13 06:49:54', 4.0283566, 9.0959266, 4.0393377, 9.0818502, 25),
(216, 42, 1, 49, NULL, 1, '2019-12-14 05:56:03', '2019-12-14 06:38:01', 4.0284586, 9.0956268, 4.0387161, 9.0826411, 25),
(217, 42, 1, 49, NULL, 1, '2019-12-14 05:56:03', '2019-12-14 06:38:01', 4.0284586, 9.0956268, 4.0387161, 9.0826411, 25),
(218, 42, 1, 49, NULL, 1, '2019-12-16 06:03:17', '2019-12-16 07:49:09', 4.0284799, 9.0957098, 4.0365267, 9.085793, 25),
(219, 42, 1, 49, NULL, 1, '2019-12-16 06:03:17', '2019-12-16 07:49:09', 4.0284799, 9.0957098, 4.0365267, 9.085793, 25),
(220, 43, 1, 49, NULL, 1, '2019-12-17 06:40:47', '2019-12-17 07:33:05', 4.0630592, 9.0357972, 4.0691371, 9.0230564, 25),
(221, 42, 1, 49, NULL, 1, '2019-12-19 05:49:37', '2019-12-19 06:39:49', 4.0284963, 9.0955495, 4.0394807, 9.0819125, 25),
(222, 42, 1, 49, NULL, 1, '2019-12-19 05:49:37', '2019-12-19 06:39:49', 4.0284963, 9.0955495, 4.0394807, 9.0819125, 25),
(223, 42, 1, 49, NULL, 1, '2019-12-19 05:49:37', '2019-12-19 06:39:49', 4.0284963, 9.0955495, 4.0394807, 9.0819125, 25),
(224, 42, 1, 49, NULL, 1, '2019-12-19 05:49:37', '2019-12-19 06:39:49', 4.0284963, 9.0955495, 4.0394807, 9.0819125, 25),
(225, 42, 1, 49, NULL, 1, '2019-12-19 05:49:37', '2019-12-19 06:39:49', 4.0284963, 9.0955495, 4.0394807, 9.0819125, 25),
(226, 42, 1, 49, NULL, 1, '2019-12-19 05:49:37', '2019-12-19 06:39:49', 4.0284963, 9.0955495, 4.0394807, 9.0819125, 25),
(227, 42, 1, 49, NULL, 1, '2019-12-19 05:49:37', '2019-12-19 06:39:49', 4.0284963, 9.0955495, 4.0394807, 9.0819125, 25),
(228, 42, 1, 49, NULL, 1, '2020-01-06 03:34:07', '2020-01-06 04:25:04', 4.0274063, 9.0961654, 4.0397763, 9.0815758, 25),
(229, 42, 1, 49, NULL, 1, '2020-01-06 03:34:07', '2020-01-06 04:29:26', 4.0274063, 9.0961654, 4.038688, 9.0826526, 25),
(230, 42, 1, 49, NULL, 1, '2020-01-06 03:34:07', '2020-01-06 04:25:04', 4.0274063, 9.0961654, 4.0397763, 9.0815758, 25),
(231, 42, 1, 49, NULL, 1, '2020-01-06 03:34:07', '2020-01-06 04:29:26', 4.0274063, 9.0961654, 4.038688, 9.0826526, 25),
(232, 42, 1, 49, NULL, 1, '2020-01-06 04:29:58', '2020-01-06 04:35:51', 4.0386814, 9.0826464, 4.037769, 9.0842256, 25),
(233, 42, 1, 49, NULL, 1, '2020-01-07 05:57:58', '2020-01-07 06:05:27', 4.0362136, 9.0866468, 4.0363684, 9.0866587, 25),
(234, 42, 1, 49, NULL, 1, '2020-01-07 05:57:58', '2020-01-07 06:05:27', 4.0362136, 9.0866468, 4.0363684, 9.0866587, 25),
(235, 42, 1, 49, NULL, 1, '2020-01-14 06:12:03', '2020-01-14 06:57:24', 4.0310758, 9.0930281, 4.0366057, 9.0857446, 25),
(236, 42, 1, 49, NULL, 1, '2020-01-21 07:05:36', '2020-01-21 07:42:44', 4.0286477, 9.0954033, 4.0396733, 9.0812089, 25),
(237, 42, 1, 49, NULL, 1, '2020-01-21 07:05:36', '2020-01-21 07:42:44', 4.0286477, 9.0954033, 4.0396733, 9.0812089, 25),
(238, 42, 1, 49, NULL, 1, '2020-01-24 07:30:29', '2020-01-24 08:23:30', 4.0280794, 9.0957996, 4.0389057, 9.0821867, 25),
(239, 42, 1, 49, NULL, 1, '2020-01-24 07:30:29', '2020-01-24 08:23:30', 4.0280794, 9.0957996, 4.0389057, 9.0821867, 25),
(240, 42, 1, 49, NULL, 1, '2020-01-24 07:30:29', '2020-01-24 08:23:30', 4.0280794, 9.0957996, 4.0389057, 9.0821867, 25),
(241, 42, 1, 49, NULL, 1, '2020-02-01 08:01:11', '2020-02-01 08:42:35', 4.0284597, 9.0956022, 4.0399054, 9.0815869, 25),
(242, 42, 1, 49, NULL, 1, '2020-02-10 10:36:05', '2020-02-10 11:19:19', 4.0289455, 9.0950169, 4.0373564, 9.0845123, 25),
(243, 42, 1, 49, NULL, 1, '2020-02-20 07:55:04', '2020-02-24 07:23:22', 4.028245, 9.0956982, 4.0285734, 9.0957674, 25),
(244, 42, 1, 49, NULL, 1, '2020-02-24 07:25:24', '2020-02-24 07:56:15', 4.0283932, 9.0952787, 4.03807, 9.083662, 25),
(245, 42, 1, 49, NULL, 1, '2020-03-05 06:04:13', '2020-03-05 06:46:12', 4.030015, 9.0939291, 4.0443426, 9.0740214, 25),
(246, 42, 1, 49, NULL, 1, '2020-03-05 06:04:13', '2020-03-05 06:46:12', 4.030015, 9.0939291, 4.0443426, 9.0740214, 25),
(247, 42, 1, 49, NULL, 1, '2020-03-09 07:27:30', '2020-03-09 08:04:24', 4.0285149, 9.0955963, 4.0444886, 9.0739762, 25),
(248, 42, 1, 49, NULL, 1, '2020-03-12 07:05:15', '2020-03-12 07:40:22', 4.0306596, 9.0934347, 4.0399871, 9.0816862, 25),
(249, 42, 1, 49, NULL, 1, '2020-03-12 07:05:15', '2020-03-12 07:40:22', 4.0306596, 9.0934347, 4.0399871, 9.0816862, 25),
(250, 42, 1, 49, NULL, 1, '2020-03-16 06:41:05', '2020-03-16 07:31:07', 4.0287656, 9.0953775, 4.0442551, 9.0739047, 25),
(251, 42, 1, 49, NULL, 1, '2020-03-16 06:41:05', '2020-03-16 07:31:07', 4.0287656, 9.0953775, 4.0442551, 9.0739047, 25),
(252, 42, 1, 49, NULL, 1, '2020-03-18 06:50:28', '2020-03-18 07:40:49', 4.0292904, 9.0950349, 4.0440736, 9.07423, 25),
(253, 42, 1, 49, NULL, 1, '2020-03-18 06:50:28', '2020-03-18 07:40:49', 4.0292904, 9.0950349, 4.0440736, 9.07423, 25),
(254, 42, 1, 49, NULL, 1, '2020-03-16 06:41:05', '2020-03-16 07:31:07', 4.0287656, 9.0953775, 4.0442551, 9.0739047, 25),
(255, 42, 1, 49, NULL, 1, '2020-03-27 06:41:26', '2020-03-27 08:01:00', 4.0315189, 9.0924344, 4.044464, 9.0739808, 25),
(256, 42, 1, 49, NULL, 1, '2020-03-27 06:41:26', '2020-03-27 08:01:00', 4.0315189, 9.0924344, 4.044464, 9.0739808, 25),
(257, 42, 1, 49, NULL, 1, '2020-03-31 05:47:54', '2020-03-31 06:45:02', 4.0290372, 9.0950262, 4.0432795, 9.075447, 25),
(258, 42, 1, 49, NULL, 1, '2020-03-31 05:47:54', '2020-03-31 06:45:02', 4.0290372, 9.0950262, 4.0432795, 9.075447, 25),
(259, 42, 1, 49, NULL, 1, '2020-03-31 05:47:54', '2020-03-31 06:45:02', 4.0290372, 9.0950262, 4.0432795, 9.075447, 25),
(260, 42, 1, 49, NULL, 1, '2020-04-14 09:50:15', '2020-04-14 10:15:53', 4.0318019, 9.0921747, 4.0287172, 9.0967059, 25),
(261, 42, 1, 49, NULL, 1, '2020-04-14 09:50:15', '2020-04-14 10:15:53', 4.0318019, 9.0921747, 4.0287172, 9.0967059, 25),
(262, 42, 1, 49, NULL, 1, '2020-04-20 08:02:33', '2020-04-20 08:58:46', 4.0285847, 9.095413, 4.038903, 9.0825214, 25),
(263, 42, 1, 49, NULL, 1, '2020-04-20 08:02:33', '2020-04-20 08:58:46', 4.0285847, 9.095413, 4.038903, 9.0825214, 25),
(264, 42, 1, 49, NULL, 1, '2020-04-21 06:38:25', '2020-04-21 07:22:40', 4.0288159, 9.0952079, 4.0402774, 9.080033, 25),
(265, 42, 1, 49, NULL, 1, '2020-04-21 06:38:25', '2020-04-21 07:22:40', 4.0288159, 9.0952079, 4.0402774, 9.080033, 25),
(266, 42, 1, 49, NULL, 1, '2020-04-21 06:38:25', '2020-04-21 07:22:40', 4.0288159, 9.0952079, 4.0402774, 9.080033, 25),
(267, 42, 1, 49, NULL, 1, '2020-04-23 06:05:39', '2020-04-23 06:31:01', 4.0291567, 9.0949709, 4.0392554, 9.082058, 25),
(268, 42, 1, 49, NULL, 1, '2020-04-23 06:05:39', '2020-04-23 06:31:01', 4.0291567, 9.0949709, 4.0392554, 9.082058, 25),
(269, 42, 1, 49, NULL, 1, '2020-04-25 05:56:19', '2020-04-25 06:59:21', 4.0295862, 9.0943341, 4.0395453, 9.081755, 25),
(270, 42, 1, 49, NULL, 1, '2020-04-27 06:39:50', '2020-04-27 07:14:25', 4.0288171, 9.0952951, 4.0362737, 9.0862639, 25),
(271, 42, 1, 49, NULL, 1, '2020-05-06 08:05:55', '2020-05-06 08:23:55', 4.0340851, 9.0893411, 4.044932, 9.0728425, 25),
(272, 42, 1, 49, NULL, 1, '2020-05-18 08:08:13', '2020-05-18 09:40:38', 4.029604, 9.094029, 4.0364846, 9.0860705, 25),
(273, 42, 1, 49, NULL, 1, '2020-05-18 08:08:13', '2020-05-18 09:40:38', 4.029604, 9.094029, 4.0364846, 9.0860705, 25),
(274, 42, 1, 49, NULL, 1, '2020-06-05 07:23:02', '2020-06-05 09:21:37', 4.0306729, 9.0934679, 4.0364913, 9.0860317, 25),
(275, 42, 1, 49, NULL, 1, '2020-06-05 07:23:02', '2020-06-05 09:21:37', 4.0306729, 9.0934679, 4.0364913, 9.0860317, 25),
(276, 42, 1, 49, NULL, 1, '2020-06-22 07:07:43', '2020-06-22 07:22:55', 4.029468, 9.0949613, 4.0404169, 9.0802034, 25),
(277, 42, 1, 49, NULL, 1, '2020-06-30 07:16:25', '2020-06-30 08:00:26', 4.028196, 9.0958254, 4.0436417, 9.0749285, 25),
(278, 42, 1, 49, NULL, 1, '2020-06-30 07:16:25', '2020-06-30 08:00:26', 4.028196, 9.0958254, 4.0436417, 9.0749285, 25),
(279, 42, 1, 49, NULL, 1, '2020-07-11 07:09:51', '2020-07-11 07:34:05', 4.0291204, 9.0951199, 4.0393251, 9.082001, 25),
(280, 42, 1, 49, NULL, 1, '2020-07-11 07:09:51', '2020-07-11 07:34:05', 4.0291204, 9.0951199, 4.0393251, 9.082001, 25),
(281, 42, 1, 49, NULL, 1, '2020-07-11 07:09:51', '2020-07-11 07:34:05', 4.0291204, 9.0951199, 4.0393251, 9.082001, 25),
(282, 42, 1, 49, NULL, 1, '2020-07-16 06:26:38', '2020-07-16 06:46:39', 4.0284395, 9.0955154, 4.0430147, 9.0762676, 25),
(283, 42, 1, 49, NULL, 1, '2020-07-25 08:02:39', '2020-07-25 08:31:36', 4.0284077, 9.0956884, 4.036473, 9.0862774, 25),
(284, 42, 1, 49, NULL, 1, '2020-07-31 07:41:05', '2020-07-31 08:06:17', 4.0287507, 9.0955725, 4.0391432, 9.0821583, 25),
(285, 42, 1, 49, NULL, 1, '2020-07-25 08:02:39', '2020-07-25 08:31:36', 4.0284077, 9.0956884, 4.036473, 9.0862774, 25),
(286, 42, 1, 49, NULL, 1, '2020-07-25 08:02:39', '2020-07-25 08:31:36', 4.0284077, 9.0956884, 4.036473, 9.0862774, 25),
(287, 42, 1, 49, NULL, 1, '2020-07-25 08:02:39', '2020-07-25 08:31:36', 4.0284077, 9.0956884, 4.036473, 9.0862774, 25),
(288, 42, 1, 49, NULL, 1, '2020-08-06 07:49:17', '2020-08-06 08:20:15', 4.0284317, 9.0956286, 4.0387437, 9.0827597, 25),
(289, 42, 1, 49, NULL, 1, '2020-08-06 07:49:17', '2020-08-06 08:20:15', 4.0284317, 9.0956286, 4.0387437, 9.0827597, 25),
(290, 42, 1, 49, NULL, 1, '2020-08-27 07:46:17', '2020-08-27 08:13:59', 4.0302666, 9.0937482, 4.0394915, 9.081946, 25),
(291, 42, 1, 49, NULL, 1, '2020-09-01 06:34:09', '2020-09-01 07:00:34', 4.0285289, 9.0954619, 4.0385943, 9.0830903, 25),
(292, 48, 1, 40, NULL, 1, '2020-09-17 05:26:48', '2020-09-17 06:36:30', 4.0285861, 9.0955935, 4.040082, 9.0818466, 39),
(293, 48, 1, 40, NULL, 1, '2020-09-19 04:14:14', '2020-09-19 05:59:23', 4.0285368, 9.0957367, 4.0305919, 9.0936336, 39),
(294, 48, 1, 40, NULL, 1, '2020-09-23 04:44:07', '2020-09-23 05:19:43', 4.0280704, 9.0968485, 4.0398423, 9.0816401, 39),
(295, 48, 1, 40, NULL, 1, '2020-09-23 04:44:07', '2020-09-23 05:19:43', 4.0280704, 9.0968485, 4.0398423, 9.0816401, 39),
(296, 48, 1, 40, NULL, 1, '2020-09-23 04:44:07', '2020-09-23 05:19:43', 4.0280704, 9.0968485, 4.0398423, 9.0816401, 39),
(297, 48, 1, 40, NULL, 1, '2020-09-25 04:18:12', '2020-09-25 05:13:36', 4.0285709, 9.0957747, 4.0438846, 9.0748031, 39),
(298, 48, 1, 40, NULL, 1, '2020-09-25 04:18:12', '2020-09-25 05:13:36', 4.0285709, 9.0957747, 4.0438846, 9.0748031, 39),
(299, 48, 1, 40, NULL, 1, '2020-09-29 04:13:32', '2020-09-29 05:13:25', 4.0285412, 9.0956541, 4.0396051, 9.0816504, 39),
(300, 48, 1, 40, NULL, 1, '2020-09-29 04:13:32', '2020-09-29 05:13:25', 4.0285412, 9.0956541, 4.0396051, 9.0816504, 39),
(301, 48, 1, 40, NULL, 1, '2020-10-03 04:21:22', '2020-10-03 05:42:08', 4.0284097, 9.0956933, 4.0396564, 9.0817905, 39),
(302, 48, 1, 40, NULL, 1, '2020-10-03 04:21:22', '2020-10-03 05:42:08', 4.0284097, 9.0956933, 4.0396564, 9.0817905, 39),
(303, 48, 1, 40, NULL, 1, '2020-10-03 04:21:22', '2020-10-03 05:42:08', 4.0284097, 9.0956933, 4.0396564, 9.0817905, 39),
(304, 48, 1, 40, NULL, 1, '2020-10-06 04:08:12', '2020-10-06 04:49:43', 4.0285022, 9.0956537, 4.0396804, 9.0818521, 39),
(305, 48, 1, 40, NULL, 1, '2020-10-15 04:08:06', '2020-10-15 04:42:14', 4.0285483, 9.0956046, 4.0396305, 9.0818275, 39),
(306, 48, 1, 40, NULL, 1, '2020-10-15 04:08:06', '2020-10-15 04:42:14', 4.0285483, 9.0956046, 4.0396305, 9.0818275, 39),
(307, 48, 1, 40, NULL, 1, '2020-10-15 04:08:06', '2020-10-15 04:42:14', 4.0285483, 9.0956046, 4.0396305, 9.0818275, 39),
(308, 48, 1, 40, NULL, 1, '2020-10-21 04:02:57', '2020-10-21 04:36:22', 4.02867, 9.0957653, 4.039609, 9.0818211, 39),
(309, 49, 1, 78, NULL, 0, '2020-10-26 09:15:00', '2020-10-26 10:07:00', 37.7565493, 122.5089131, NULL, NULL, 42),
(310, 50, 1, 78, NULL, 0, '2020-10-26 10:30:00', '2020-10-26 11:38:00', 37.7565493, -122.5089131, NULL, NULL, 42),
(311, 51, 1, 78, NULL, 1, '2020-10-26 12:04:00', '2020-10-26 12:36:00', 0, 0, NULL, NULL, 42),
(312, 8, 1, 2, NULL, 1, '2021-01-18 21:35:34', '2021-01-18 21:36:47', 48.9379423, 2.02481299, 48.93793612, 2.02489431, 2);

-- --------------------------------------------------------

--
-- Structure de la table `pays`
--

CREATE TABLE `pays` (
  `id` int(11) NOT NULL,
  `nomPays_fr` varchar(255) COLLATE utf8_unicode_ci NOT NULL,
  `indicatif` varchar(255) COLLATE utf8_unicode_ci NOT NULL,
  `drapeau` varchar(255) COLLATE utf8_unicode_ci NOT NULL,
  `dateAdd` datetime NOT NULL,
  `nomPays_en` varchar(255) COLLATE utf8_unicode_ci DEFAULT NULL
) ENGINE=InnoDB DEFAULT CHARSET=utf8 COLLATE=utf8_unicode_ci;

--
-- Déchargement des données de la table `pays`
--

INSERT INTO `pays` (`id`, `nomPays_fr`, `indicatif`, `drapeau`, `dateAdd`, `nomPays_en`) VALUES
(1, 'Afghanistan', '1', '', '2017-11-16 12:28:30', 'fghanistan'),
(2, 'Albanie', '2', '', '2017-11-16 12:28:30', 'lbania'),
(3, 'Antarctique', '3', '', '2017-11-16 12:28:30', 'Antarctica'),
(4, 'Algérie', '4', '', '2017-11-16 12:28:30', 'Algeria'),
(5, 'Samoa Américaines', '5', '', '2017-11-16 12:28:30', 'American Samoa'),
(6, 'Andorre', '6', '', '2017-11-16 12:28:30', 'Andorra'),
(7, 'Angola', '7', '', '2017-11-16 12:28:30', 'Angola'),
(8, 'Antigua-et-Barbuda', '8', '', '2017-11-16 12:28:30', 'Antigua and Barbuda'),
(9, 'Azerbaïdjan', '9', '', '2017-11-16 12:28:30', 'Azerbaijan'),
(10, 'Argentine', '10', '', '2017-11-16 12:28:30', 'Argentina'),
(11, 'Australie', '11', '', '2017-11-16 12:28:30', 'Australia'),
(12, 'Autriche', '12', '', '2017-11-16 12:28:30', 'Austria'),
(13, 'Bahamas', '13', '', '2017-11-16 12:28:30', 'Bahamas'),
(14, 'Bahreïn', '14', '', '2017-11-16 12:28:30', 'Bahrain'),
(15, 'Bangladesh', '15', '', '2017-11-16 12:28:30', 'Bangladesh'),
(16, 'Arménie', '16', '', '2017-11-16 12:28:30', 'Armenia'),
(17, 'Barbade', '17', '', '2017-11-16 12:28:30', 'Barbados'),
(18, 'Belgique', '18', '', '2017-11-16 12:28:30', 'Belgium'),
(19, 'Bermudes', '19', '', '2017-11-16 12:28:30', 'Bermuda'),
(20, 'Bhoutan', '20', '', '2017-11-16 12:28:30', 'Bhutan'),
(21, 'Bolivie', '21', '', '2017-11-16 12:28:30', 'Bolivia'),
(22, 'Bosnie-Herzégovine', '22', '', '2017-11-16 12:28:30', 'Bosnia and Herzegovina'),
(23, 'Botswana', '23', '', '2017-11-16 12:28:30', 'Botswana'),
(24, 'Île Bouvet', '24', '', '2017-11-16 12:28:30', 'Bouvet Island'),
(25, 'Brésil', '25', '', '2017-11-16 12:28:30', 'Brazil'),
(26, 'Belize', '26', '', '2017-11-16 12:28:30', 'Belize'),
(27, 'Territoire Britannique de l\'Océan Indien', '27', '', '2017-11-16 12:28:30', 'British Indian Ocean Territory'),
(28, 'Îles Salomon', '28', '', '2017-11-16 12:28:30', 'Solomon Islands'),
(29, 'Îles Vierges Britanniques', '29', '', '2017-11-16 12:28:30', 'British Virgin Islands'),
(30, 'Brunéi Darussalam', '30', '', '2017-11-16 12:28:30', 'Brunei Darussalam'),
(31, 'Bulgarie', '31', '', '2017-11-16 12:28:30', 'Bulgaria'),
(32, 'Myanmar', '32', '', '2017-11-16 12:28:30', 'Myanmar'),
(33, 'Burundi', '33', '', '2017-11-16 12:28:30', 'Burundi'),
(34, 'Bélarus', '34', '', '2017-11-16 12:28:30', 'Belarus'),
(35, 'Cambodge', '35', '', '2017-11-16 12:28:30', 'Cambodia'),
(36, 'Cameroun', '237', '', '2017-11-16 12:28:30', 'Cameroon'),
(37, 'Canada', '37', '', '2017-11-16 12:28:30', 'Canada'),
(38, 'Cap-vert', '38', '', '2017-11-16 12:28:30', 'Cape Verde'),
(39, 'Îles Caïmanes', '39', '', '2017-11-16 12:28:30', 'Cayman Islands'),
(40, 'République Centrafricaine', '40', '', '2017-11-16 12:28:30', 'Central African'),
(41, 'Sri Lanka', '41', '', '2017-11-16 12:28:30', 'Sri Lanka'),
(42, 'Tchad', '42', '', '2017-11-16 12:28:30', 'Chad'),
(43, 'Chili', '43', '', '2017-11-16 12:28:30', 'Chile'),
(44, 'Chine', '44', '', '2017-11-16 12:28:30', 'China'),
(45, 'Taïwan', '45', '', '2017-11-16 12:28:30', 'Taiwan'),
(46, 'Île Christmas', '46', '', '2017-11-16 12:28:30', 'Christmas Island'),
(47, 'Îles Cocos (Keeling)', '47', '', '2017-11-16 12:28:30', 'Cocos (Keeling) Islands'),
(48, 'Colombie', '48', '', '2017-11-16 12:28:30', 'Colombia'),
(49, 'Comores', '49', '', '2017-11-16 12:28:30', 'Comoros'),
(50, 'Mayotte', '50', '', '2017-11-16 12:28:30', 'Mayotte'),
(51, 'République du Congo', '51', '', '2017-11-16 12:28:30', 'Republic of the Congo'),
(52, 'République Démocratique du Congo', '52', '', '2017-11-16 12:28:30', 'The Democratic Republic Of The Congo'),
(53, 'Îles Cook', '53', '', '2017-11-16 12:28:30', 'Cook Islands'),
(54, 'Costa Rica', '54', '', '2017-11-16 12:28:30', 'Costa Rica'),
(55, 'Croatie', '55', '', '2017-11-16 12:28:30', 'Croatia'),
(56, 'Cuba', '56', '', '2017-11-16 12:28:30', 'Cuba'),
(57, 'Chypre', '57', '', '2017-11-16 12:28:30', 'Cyprus'),
(58, 'République Tchèque', '58', '', '2017-11-16 12:28:30', 'Czech Republic'),
(59, 'Bénin', '59', '', '2017-11-16 12:28:30', 'Benin'),
(60, 'Danemark', '60', '', '2017-11-16 12:28:30', 'Denmark'),
(61, 'Dominique', '61', '', '2017-11-16 12:28:30', 'Dominica'),
(62, 'République Dominicaine', '62', '', '2017-11-16 12:28:30', 'Dominican Republic'),
(63, 'Équateur', '63', '', '2017-11-16 12:28:30', 'Ecuador'),
(64, 'El Salvador', '64', '', '2017-11-16 12:28:30', 'El Salvador'),
(65, 'Guinée Équatoriale', '65', '', '2017-11-16 12:28:30', 'Equatorial Guinea'),
(66, 'Éthiopie', '66', '', '2017-11-16 12:28:30', 'Ethiopia'),
(67, 'Érythrée', '67', '', '2017-11-16 12:28:30', 'Eritrea'),
(68, 'Estonie', '68', '', '2017-11-16 12:28:30', 'Estonia'),
(69, 'Îles Féroé', '69', '', '2017-11-16 12:28:30', 'Faroe Islands'),
(70, 'Îles (malvinas) Falkland', '70', '', '2017-11-16 12:28:30', 'Falkland Islands'),
(71, 'Géorgie du Sud et les Îles Sandwich du Sud', '71', '', '2017-11-16 12:28:30', 'South Georgia and the South Sandwich Islands'),
(72, 'Fidji', '72', '', '2017-11-16 12:28:30', 'Fiji'),
(73, 'Finlande', '73', '', '2017-11-16 12:28:30', 'Finland'),
(74, 'Îles Åland', '74', '', '2017-11-16 12:28:30', 'Åland Islands'),
(75, 'France', '33', '', '2017-11-16 12:28:30', 'France'),
(76, 'Guyane Française', '76', '', '2017-11-16 12:28:30', 'French Guiana'),
(77, 'Polynésie Française', '77', '', '2017-11-16 12:28:30', 'French Polynesia'),
(78, 'Terres Australes Françaises', '78', '', '2017-11-16 12:28:30', 'French Southern Territories'),
(79, 'Djibouti', '79', '', '2017-11-16 12:28:30', 'Djibouti'),
(80, 'Gabon', '80', '', '2017-11-16 12:28:30', 'Gabon'),
(81, 'Géorgie', '81', '', '2017-11-16 12:28:30', 'Georgia'),
(82, 'Gambie', '82', '', '2017-11-16 12:28:30', 'Gambia'),
(83, 'Territoire Palestinien Occupé', '83', '', '2017-11-16 12:28:30', 'Occupied Palestinian Territory'),
(84, 'Allemagne', '84', '', '2017-11-16 12:28:30', 'Germany'),
(85, 'Ghana', '85', '', '2017-11-16 12:28:30', 'Ghana'),
(86, 'Gibraltar', '86', '', '2017-11-16 12:28:30', 'Gibraltar'),
(87, 'Kiribati', '87', '', '2017-11-16 12:28:30', 'Kiribati'),
(88, 'Grèce', '88', '', '2017-11-16 12:28:30', 'Greece'),
(89, 'Groenland', '89', '', '2017-11-16 12:28:30', 'Greenland'),
(90, 'Grenade', '90', '', '2017-11-16 12:28:30', 'Grenada'),
(91, 'Guadeloupe', '91', '', '2017-11-16 12:28:30', 'Guadeloupe'),
(92, 'Guam', '92', '', '2017-11-16 12:28:30', 'Guam'),
(93, 'Guatemala', '93', '', '2017-11-16 12:28:30', 'Guatemala'),
(94, 'Guinée', '94', '', '2017-11-16 12:28:30', 'Guinea'),
(95, 'Guyana', '95', '', '2017-11-16 12:28:30', 'Guyana'),
(96, 'Haïti', '96', '', '2017-11-16 12:28:30', 'Haiti'),
(97, 'Îles Heard et Mcdonald', '97', '', '2017-11-16 12:28:30', 'Heard Island and McDonald Islands'),
(98, 'Saint-Siège (état de la Cité du Vatican)', '98', '', '2017-11-16 12:28:30', 'Vatican City State'),
(99, 'Honduras', '99', '', '2017-11-16 12:28:30', 'Honduras'),
(100, 'Hong-Kong', '100', '', '2017-11-16 12:28:30', 'Hong Kong'),
(101, 'Hongrie', '101', '', '2017-11-16 12:28:30', 'Hungary'),
(102, 'Islande', '102', '', '2017-11-16 12:28:30', 'Iceland'),
(103, 'Inde', '103', '', '2017-11-16 12:28:30', 'India'),
(104, 'Indonésie', '104', '', '2017-11-16 12:28:30', 'Indonesia'),
(105, 'République Islamique d\'Iran', '105', '', '2017-11-16 12:28:30', 'Islamic Republic of Iran'),
(106, 'Iraq', '106', '', '2017-11-16 12:28:30', 'Iraq'),
(107, 'Irlande', '107', '', '2017-11-16 12:28:30', 'Ireland'),
(108, 'Israël', '108', '', '2017-11-16 12:28:30', 'Israel'),
(109, 'Italie', '109', '', '2017-11-16 12:28:30', 'Italy'),
(110, 'Côte d\'Ivoire', '110', '', '2017-11-16 12:28:30', 'Côte d\'Ivoire'),
(111, 'Jamaïque', '111', '', '2017-11-16 12:28:30', 'Jamaica'),
(112, 'Japon', '112', '', '2017-11-16 12:28:30', 'Japan'),
(113, 'Kazakhstan', '113', '', '2017-11-16 12:28:30', 'Kazakhstan'),
(114, 'Jordanie', '114', '', '2017-11-16 12:28:30', 'Jordan'),
(115, 'Kenya', '115', '', '2017-11-16 12:28:30', 'Kenya'),
(116, 'République Populaire Démocratique de Corée', '116', '', '2017-11-16 12:28:30', 'Democratic People\'s Republic of Korea'),
(117, 'République de Corée', '117', '', '2017-11-16 12:28:30', 'Republic of Korea'),
(118, 'Koweït', '118', '', '2017-11-16 12:28:30', 'Kuwait'),
(119, 'Kirghizistan', '119', '', '2017-11-16 12:28:30', 'Kyrgyzstan'),
(120, 'République Démocratique Populaire Lao', '120', '', '2017-11-16 12:28:30', 'Lao People\'s Democratic Republic'),
(121, 'Liban', '121', '', '2017-11-16 12:28:30', 'Lebanon'),
(122, 'Lesotho', '122', '', '2017-11-16 12:28:30', 'Lesotho'),
(123, 'Lettonie', '123', '', '2017-11-16 12:28:30', 'Latvia'),
(124, 'Libéria', '124', '', '2017-11-16 12:28:30', 'Liberia'),
(125, 'Jamahiriya Arabe Libyenne', '125', '', '2017-11-16 12:28:30', 'Libyan Arab Jamahiriya'),
(126, 'Liechtenstein', '126', '', '2017-11-16 12:28:30', 'Liechtenstein'),
(127, 'Lituanie', '127', '', '2017-11-16 12:28:30', 'Lithuania'),
(128, 'Luxembourg', '128', '', '2017-11-16 12:28:30', 'Luxembourg'),
(129, 'Macao', '129', '', '2017-11-16 12:28:30', 'Macao'),
(130, 'Madagascar', '130', '', '2017-11-16 12:28:30', 'Madagascar'),
(131, 'Malawi', '131', '', '2017-11-16 12:28:30', 'Malawi'),
(132, 'Malaisie', '132', '', '2017-11-16 12:28:30', 'Malaysia'),
(133, 'Maldives', '133', '', '2017-11-16 12:28:30', 'Maldives'),
(134, 'Mali', '134', '', '2017-11-16 12:28:30', 'Mali'),
(135, 'Malte', '135', '', '2017-11-16 12:28:30', 'Malta'),
(136, 'Martinique', '136', '', '2017-11-16 12:28:30', 'Martinique'),
(137, 'Mauritanie', '137', '', '2017-11-16 12:28:30', 'Mauritania'),
(138, 'Maurice', '138', '', '2017-11-16 12:28:30', 'Mauritius'),
(139, 'Mexique', '139', '', '2017-11-16 12:28:30', 'Mexico'),
(140, 'Monaco', '140', '', '2017-11-16 12:28:30', 'Monaco'),
(141, 'Mongolie', '141', '', '2017-11-16 12:28:30', 'Mongolia'),
(142, 'République de Moldova', '142', '', '2017-11-16 12:28:30', 'Republic of Moldova'),
(143, 'Montserrat', '143', '', '2017-11-16 12:28:30', 'Montserrat'),
(144, 'Maroc', '144', '', '2017-11-16 12:28:30', 'Morocco'),
(145, 'Mozambique', '145', '', '2017-11-16 12:28:30', 'Mozambique'),
(146, 'Oman', '146', '', '2017-11-16 12:28:30', 'Oman'),
(147, 'Namibie', '147', '', '2017-11-16 12:28:30', 'Namibia'),
(148, 'Nauru', '148', '', '2017-11-16 12:28:30', 'Nauru'),
(149, 'Népal', '149', '', '2017-11-16 12:28:30', 'Nepal'),
(150, 'Pays-Bas', '150', '', '2017-11-16 12:28:30', 'Netherlands'),
(151, 'Antilles Néerlandaises', '151', '', '2017-11-16 12:28:30', 'Netherlands Antilles'),
(152, 'Aruba', '152', '', '2017-11-16 12:28:30', 'Aruba'),
(153, 'Nouvelle-Calédonie', '153', '', '2017-11-16 12:28:30', 'New Caledonia'),
(154, 'Vanuatu', '154', '', '2017-11-16 12:28:30', 'Vanuatu'),
(155, 'Nouvelle-Zélande', '155', '', '2017-11-16 12:28:30', 'New Zealand'),
(156, 'Nicaragua', '156', '', '2017-11-16 12:28:30', 'Nicaragua'),
(157, 'Niger', '157', '', '2017-11-16 12:28:30', 'Niger'),
(158, 'Nigéria', '158', '', '2017-11-16 12:28:30', 'Nigeria'),
(159, 'Niué', '159', '', '2017-11-16 12:28:30', 'Niue'),
(160, 'Île Norfolk', '160', '', '2017-11-16 12:28:30', 'Norfolk Island'),
(161, 'Norvège', '161', '', '2017-11-16 12:28:30', 'Norway'),
(162, 'Îles Mariannes du Nord', '162', '', '2017-11-16 12:28:30', 'Northern Mariana Islands'),
(163, 'Îles Mineures Éloignées des États-Unis', '163', '', '2017-11-16 12:28:30', 'United States Minor Outlying Islands'),
(164, 'États Fédérés de Micronésie', '164', '', '2017-11-16 12:28:30', 'Federated States of Micronesia'),
(165, 'Îles Marshall', '165', '', '2017-11-16 12:28:30', 'Marshall Islands'),
(166, 'Palaos', '166', '', '2017-11-16 12:28:30', 'Palau'),
(167, 'Pakistan', '167', '', '2017-11-16 12:28:30', 'Pakistan'),
(168, 'Panama', '168', '', '2017-11-16 12:28:30', 'Panama'),
(169, 'Papouasie-Nouvelle-Guinée', '169', '', '2017-11-16 12:28:30', 'Papua New Guinea'),
(170, 'Paraguay', '170', '', '2017-11-16 12:28:30', 'Paraguay'),
(171, 'Pérou', '171', '', '2017-11-16 12:28:30', 'Peru'),
(172, 'Philippines', '172', '', '2017-11-16 12:28:30', 'Philippines'),
(173, 'Pitcairn', '173', '', '2017-11-16 12:28:30', 'Pitcairn'),
(174, 'Pologne', '174', '', '2017-11-16 12:28:30', 'Poland'),
(175, 'Portugal', '175', '', '2017-11-16 12:28:30', 'Portugal'),
(176, 'Guinée-Bissau', '176', '', '2017-11-16 12:28:30', 'Guinea-Bissau'),
(177, 'Timor-Leste', '177', '', '2017-11-16 12:28:30', 'Timor-Leste'),
(178, 'Porto Rico', '178', '', '2017-11-16 12:28:30', 'Puerto Rico'),
(179, 'Qatar', '179', '', '2017-11-16 12:28:30', 'Qatar'),
(180, 'Réunion', '180', '', '2017-11-16 12:28:30', 'Réunion'),
(181, 'Roumanie', '181', '', '2017-11-16 12:28:30', 'Romania'),
(182, 'Fédération de Russie', '182', '', '2017-11-16 12:28:30', 'Russian Federation'),
(183, 'Rwanda', '183', '', '2017-11-16 12:28:30', 'Rwanda'),
(184, 'Sainte-Hélène', '184', '', '2017-11-16 12:28:30', 'Saint Helena'),
(185, 'Saint-Kitts-et-Nevis', '185', '', '2017-11-16 12:28:30', 'Saint Kitts and Nevis'),
(186, 'Anguilla', '186', '', '2017-11-16 12:28:30', 'Anguilla'),
(187, 'Sainte-Lucie', '187', '', '2017-11-16 12:28:30', 'Saint Lucia'),
(188, 'Saint-Pierre-et-Miquelon', '188', '', '2017-11-16 12:28:30', 'Saint-Pierre and Miquelon'),
(189, 'Saint-Vincent-et-les Grenadines', '189', '', '2017-11-16 12:28:30', 'Saint Vincent and the Grenadines'),
(190, 'Saint-Marin', '190', '', '2017-11-16 12:28:30', 'San Marino'),
(191, 'Sao Tomé-et-Principe', '191', '', '2017-11-16 12:28:30', 'Sao Tome and Principe'),
(192, 'Arabie Saoudite', '192', '', '2017-11-16 12:28:30', 'Saudi Arabia'),
(193, 'Sénégal', '193', '', '2017-11-16 12:28:30', 'Senegal'),
(194, 'Seychelles', '194', '', '2017-11-16 12:28:30', 'Seychelles'),
(195, 'Sierra Leone', '195', '', '2017-11-16 12:28:30', 'Sierra Leone'),
(196, 'Singapour', '196', '', '2017-11-16 12:28:30', 'Singapore'),
(197, 'Slovaquie', '197', '', '2017-11-16 12:28:30', 'Slovakia'),
(198, 'Viet Nam', '198', '', '2017-11-16 12:28:30', 'Vietnam'),
(199, 'Slovénie', '199', '', '2017-11-16 12:28:30', 'Slovenia'),
(200, 'Somalie', '200', '', '2017-11-16 12:28:30', 'Somalia'),
(201, 'Afrique du Sud', '201', '', '2017-11-16 12:28:30', 'South Africa'),
(202, 'Zimbabwe', '202', '', '2017-11-16 12:28:30', 'Zimbabwe'),
(203, 'Espagne', '203', '', '2017-11-16 12:28:30', 'Spain'),
(204, 'Sahara Occidental', '204', '', '2017-11-16 12:28:30', 'Western Sahara'),
(205, 'Soudan', '205', '', '2017-11-16 12:28:30', 'Sudan'),
(206, 'Suriname', '206', '', '2017-11-16 12:28:30', 'Suriname'),
(207, 'Svalbard etÎle Jan Mayen', '207', '', '2017-11-16 12:28:30', 'Svalbard and Jan Mayen'),
(208, 'Swaziland', '208', '', '2017-11-16 12:28:30', 'Swaziland'),
(209, 'Suède', '209', '', '2017-11-16 12:28:30', 'Sweden'),
(210, 'Suisse', '210', '', '2017-11-16 12:28:30', 'Switzerland'),
(211, 'République Arabe Syrienne', '211', '', '2017-11-16 12:28:30', 'Syrian Arab Republic'),
(212, 'Tadjikistan', '212', '', '2017-11-16 12:28:30', 'Tajikistan'),
(213, 'Thaïlande', '213', '', '2017-11-16 12:28:30', 'Thailand'),
(214, 'Togo', '214', '', '2017-11-16 12:28:30', 'Togo'),
(215, 'Tokelau', '215', '', '2017-11-16 12:28:30', 'Tokelau'),
(216, 'Tonga', '216', '', '2017-11-16 12:28:30', 'Tonga'),
(217, 'Trinité-et-Tobago', '217', '', '2017-11-16 12:28:30', 'Trinidad and Tobago'),
(218, 'Émirats Arabes Unis', '218', '', '2017-11-16 12:28:30', 'United Arab Emirates'),
(219, 'Tunisie', '219', '', '2017-11-16 12:28:30', 'Tunisia'),
(220, 'Turquie', '220', '', '2017-11-16 12:28:30', 'Turkey'),
(221, 'Turkménistan', '221', '', '2017-11-16 12:28:30', 'Turkmenistan'),
(222, 'Îles Turks et Caïques', '222', '', '2017-11-16 12:28:30', 'Turks and Caicos Islands'),
(223, 'Tuvalu', '223', '', '2017-11-16 12:28:30', 'Tuvalu'),
(224, 'Ouganda', '224', '', '2017-11-16 12:28:30', 'Uganda'),
(225, 'Ukraine', '225', '', '2017-11-16 12:28:30', 'Ukraine'),
(226, 'L\'ex-République Yougoslave de Macédoine', '226', '', '2017-11-16 12:28:30', 'The Former Yugoslav Republic of Macedonia'),
(227, 'Égypte', '227', '', '2017-11-16 12:28:30', 'Egypt'),
(228, 'Royaume-Uni', '228', '', '2017-11-16 12:28:30', 'United Kingdom'),
(229, 'Île de Man', '229', '', '2017-11-16 12:28:30', 'Isle of Man'),
(230, 'République-Unie de Tanzanie', '230', '', '2017-11-16 12:28:30', 'United Republic Of Tanzania'),
(231, 'États-Unis', '1', '', '2017-11-16 12:28:30', 'United States'),
(232, 'Îles Vierges des États-Unis', '232', '', '2017-11-16 12:28:30', 'U.S. Virgin Islands'),
(233, 'Burkina Faso', '233', '', '2017-11-16 12:28:30', 'Burkina Faso'),
(234, 'Uruguay', '234', '', '2017-11-16 12:28:30', 'Uruguay'),
(235, 'Ouzbékistan', '235', '', '2017-11-16 12:28:30', 'Uzbekistan'),
(236, 'Venezuela', '236', '', '2017-11-16 12:28:30', 'Venezuela'),
(237, 'Wallis et Futuna', '237', '', '2017-11-16 12:28:30', 'Wallis and Futuna'),
(238, 'Samoa', '238', '', '2017-11-16 12:28:30', 'Samoa'),
(239, 'Yémen', '239', '', '2017-11-16 12:28:30', 'Yemen'),
(240, 'Serbie-et-Monténégro', '240', '', '2017-11-16 12:28:30', 'Serbia and Montenegro'),
(241, 'Zambie', '241', '', '2017-11-16 12:28:30', 'Zambia');

-- --------------------------------------------------------

--
-- Structure de la table `projet`
--

CREATE TABLE `projet` (
  `id` int(11) NOT NULL,
  `auteur_id` int(11) DEFAULT NULL,
  `pays_id` int(11) DEFAULT NULL,
  `nom` varchar(255) COLLATE utf8_unicode_ci NOT NULL,
  `lieu` varchar(255) COLLATE utf8_unicode_ci DEFAULT NULL,
  `villes` longtext COLLATE utf8_unicode_ci DEFAULT NULL,
  `etat` int(11) NOT NULL,
  `dateDebut` datetime NOT NULL,
  `dateAdd` datetime NOT NULL
) ENGINE=InnoDB DEFAULT CHARSET=utf8 COLLATE=utf8_unicode_ci;

--
-- Déchargement des données de la table `projet`
--

INSERT INTO `projet` (`id`, `auteur_id`, `pays_id`, `nom`, `lieu`, `villes`, `etat`, `dateDebut`, `dateAdd`) VALUES
(1, 2, 158, 'Parcours du Bassin du congo Brazaville', 'Autour des grands lacs', NULL, 1, '2017-12-30 00:00:00', '2017-11-07 08:14:35'),
(2, 2, 214, 'Plage Basques', 'Au sein des régions lointaines', NULL, 1, '2017-12-15 00:00:00', '2017-11-07 21:44:44'),
(4, 20, 225, 'Mon premier projet', NULL, NULL, 1, '2017-11-17 17:14:32', '2017-11-17 17:14:32'),
(5, 28, NULL, 'Mon premier projet', NULL, NULL, 1, '2017-11-17 19:42:26', '2017-11-17 19:42:26'),
(6, 29, NULL, 'Mon premier projet', NULL, NULL, 1, '2017-11-18 09:55:47', '2017-11-18 09:55:47'),
(7, 29, 36, 'Limbe seaturtle monitoring', 'Limbe', NULL, 1, '2017-11-19 00:00:00', '2017-11-18 10:26:18'),
(8, 1, NULL, 'Mon premier projet', NULL, NULL, 1, '2017-11-25 16:34:35', '2017-11-25 16:34:35'),
(9, 29, 36, 'Turtle nesting kribi', 'Kribi', NULL, 1, '2017-11-30 00:00:00', '2017-11-30 19:18:17'),
(10, 36, NULL, 'Mon premier projet', NULL, NULL, 1, '2017-12-20 17:38:47', '2017-12-20 17:38:47'),
(11, 37, NULL, 'Mon premier projet', NULL, NULL, 1, '2017-12-26 21:11:01', '2017-12-26 21:11:01'),
(12, 38, NULL, 'Mon premier projet', NULL, NULL, 1, '2018-01-26 23:09:57', '2018-01-26 23:09:57'),
(13, 39, NULL, 'Mon premier projet', NULL, NULL, 1, '2018-02-13 18:18:08', '2018-02-13 18:18:08'),
(14, 40, NULL, 'Mon premier projet', NULL, NULL, 1, '2018-02-14 00:38:40', '2018-02-14 00:38:40'),
(15, 41, NULL, 'Mon premier projet', NULL, NULL, 1, '2018-03-23 16:58:22', '2018-03-23 16:58:22'),
(16, 37, 36, 'LimbeTest', 'limbe', NULL, 1, '2018-04-13 00:00:00', '2018-04-13 12:15:38'),
(18, 42, NULL, 'Mon premier projet', NULL, NULL, 1, '2018-05-01 16:51:01', '2018-05-01 16:51:01'),
(19, 43, NULL, 'Mon premier projet', NULL, NULL, 1, '2018-05-09 21:06:15', '2018-05-09 21:06:15'),
(20, 44, NULL, 'Mon premier projet', NULL, NULL, 1, '2018-07-30 12:56:05', '2018-07-30 12:56:05'),
(21, 45, NULL, 'Mon premier projet', NULL, NULL, 1, '2018-07-31 13:40:29', '2018-07-31 13:40:29'),
(22, 48, NULL, 'Mon premier projet', NULL, NULL, 1, '2018-09-22 16:14:16', '2018-09-22 16:14:16'),
(23, 40, 36, 'Mon deuxième projet', 'Ebodje', NULL, 1, '2018-09-27 00:00:00', '2018-09-27 15:16:48'),
(24, 49, NULL, 'Mon premier projet', NULL, NULL, 1, '2018-11-07 14:14:21', '2018-11-07 14:14:21'),
(25, 40, 36, 'Saison de ponte Limbe 2018-2019', 'Limbe', NULL, 1, '2018-11-08 00:00:00', '2018-11-08 07:12:28'),
(26, 52, NULL, 'Mon premier projet', NULL, NULL, 1, '2018-12-28 09:29:47', '2018-12-28 09:29:47'),
(27, 53, NULL, 'Mon premier projet', NULL, NULL, 1, '2019-02-04 02:39:05', '2019-02-04 02:39:05'),
(28, 54, NULL, 'Mon premier projet', NULL, NULL, 1, '2019-02-09 17:52:13', '2019-02-09 17:52:13'),
(29, 56, NULL, 'Mon premier projet', NULL, NULL, 1, '2019-03-07 14:19:11', '2019-03-07 14:19:11'),
(30, 58, NULL, 'Mon premier projet', NULL, NULL, 1, '2019-04-09 15:16:51', '2019-04-09 15:16:51'),
(31, 59, NULL, 'Mon premier projet', NULL, NULL, 1, '2019-08-31 00:36:05', '2019-08-31 00:36:05'),
(32, 61, NULL, 'Mon premier projet', NULL, NULL, 1, '2019-10-14 08:52:13', '2019-10-14 08:52:13'),
(33, 62, NULL, 'Mon premier projet', NULL, NULL, 1, '2019-10-30 05:38:50', '2019-10-30 05:38:50'),
(34, 63, NULL, 'Mon premier projet', NULL, NULL, 1, '2019-10-30 18:41:39', '2019-10-30 18:41:39'),
(35, 62, 80, 'Tortue Urbain de Plage Tahiti 2019', 'Libreville', NULL, 1, '2019-08-01 00:00:00', '2019-11-08 10:06:00'),
(36, 64, NULL, 'Mon premier projet', NULL, NULL, 1, '2019-11-29 20:27:03', '2019-11-29 20:27:03'),
(37, 68, NULL, 'Mon premier projet', NULL, NULL, 1, '2020-01-10 11:49:17', '2020-01-10 11:49:17'),
(38, 73, NULL, 'Mon premier projet', NULL, NULL, 1, '2020-02-04 16:20:17', '2020-02-04 16:20:17'),
(39, 40, 36, 'Saison de ponte 2020/2021', 'Limbe', NULL, 1, '2020-09-15 00:00:00', '2020-09-14 20:35:15'),
(40, 75, NULL, 'Mon premier projet', NULL, NULL, 1, '2020-10-26 21:37:03', '2020-10-26 21:37:03'),
(42, 78, 231, 'Turtle Season 2020-21', 'San Francisco', NULL, 1, '2020-10-26 00:00:00', '2020-10-27 01:25:07'),
(43, 80, NULL, 'Mon premier projet', NULL, NULL, 1, '2020-10-29 16:33:04', '2020-10-29 16:33:04'),
(44, 40, 36, 'Saison de ponte 2021/2022', 'Limbe', NULL, 1, '2021-09-30 00:00:00', '2020-11-03 22:05:54'),
(45, 81, NULL, 'Mon premier projet', NULL, NULL, 1, '2020-11-08 11:40:02', '2020-11-08 11:40:02'),
(46, 82, NULL, 'Mon premier projet', NULL, NULL, 1, '2020-12-30 00:11:39', '2020-12-30 00:11:39'),
(47, 83, NULL, 'Mon premier projet', NULL, NULL, 1, '2021-01-21 05:12:11', '2021-01-21 05:12:11'),
(48, 84, NULL, 'Mon premier projet', NULL, NULL, 1, '2021-02-05 19:09:48', '2021-02-05 19:09:48'),
(49, 85, NULL, 'Mon premier projet', NULL, NULL, 1, '2021-02-06 21:07:13', '2021-02-06 21:07:13');

-- --------------------------------------------------------

--
-- Structure de la table `question`
--

CREATE TABLE `question` (
  `id` int(11) NOT NULL,
  `categorie_id` int(11) NOT NULL,
  `titre_fr` varchar(255) COLLATE utf8_unicode_ci NOT NULL,
  `type` varchar(255) COLLATE utf8_unicode_ci NOT NULL,
  `dateAdd` datetime NOT NULL,
  `titre_en` varchar(255) COLLATE utf8_unicode_ci DEFAULT NULL,
  `code` varchar(255) COLLATE utf8_unicode_ci NOT NULL,
  `image_id` int(11) DEFAULT NULL,
  `projet_id` int(11) DEFAULT NULL,
  `niveau` varchar(255) COLLATE utf8_unicode_ci DEFAULT NULL
) ENGINE=InnoDB DEFAULT CHARSET=utf8 COLLATE=utf8_unicode_ci;

--
-- Déchargement des données de la table `question`
--

INSERT INTO `question` (`id`, `categorie_id`, `titre_fr`, `type`, `dateAdd`, `titre_en`, `code`, `image_id`, `projet_id`, `niveau`) VALUES
(1, 1, 'La Trace est-elle associée à un nid?', 'qcm', '2017-02-02 12:42:03', 'Track is-it associated with a nest?', 'A1', NULL, NULL, ''),
(2, 1, 'Trace symetrique?', 'qcm', '2017-02-02 18:08:13', 'Symmetrical track?', 'A2', NULL, NULL, ''),
(3, 1, 'Largeur de la trace (cm)', 'qro', '2017-02-02 18:41:00', 'Track width (cm)', 'A3', NULL, NULL, ''),
(4, 1, 'Nom de l’espèce', 'qcm', '2017-02-02 18:58:08', 'Species name', 'A4', NULL, NULL, ''),
(5, 1, 'Photo de la Trace', 'qro', '2017-02-02 18:59:16', 'Track\'s Photo', 'A5', NULL, NULL, ''),
(6, 1, 'Note', 'qro', '2017-02-02 19:00:30', 'Note', 'A6', NULL, NULL, ''),
(7, 3, 'Age de Nid', 'qcm', '2017-02-02 19:02:19', 'Nest age', 'B1', NULL, NULL, ''),
(8, 3, 'Le nid est transloqué?', 'qcm', '2017-02-02 19:04:48', 'The nest is translocated?', 'B3', NULL, NULL, ''),
(9, 3, 'Nid associé à une trace?', 'qcm', '2017-02-02 19:10:54', 'Nest associated with a track?', 'B4', NULL, NULL, ''),
(10, 3, 'Photo du Nid', 'qro', '2017-02-03 16:30:26', 'Photo of the nest', 'B5', NULL, NULL, ''),
(11, 3, 'Note', 'qro', '2017-02-03 16:30:52', 'Note', 'B6', NULL, NULL, ''),
(13, 4, 'Taille de la queue', 'qcm', '2017-02-03 16:33:42', 'Size of the tail', 'C1', NULL, NULL, ''),
(14, 4, 'Griffe sur palette natatoire', 'qcm', '2017-02-03 16:34:40', 'Claws on the flippers?', 'C2', NULL, NULL, ''),
(15, 4, 'Bague ou puce présente?', 'qcm', '2017-02-03 16:35:42', 'Ring or chip present?', 'C3', NULL, NULL, ''),
(16, 4, 'Numero de bague/puce', 'qcm', '2017-02-03 16:36:25', 'Ring / chip number', 'C4', NULL, NULL, ''),
(17, 4, 'Nombre de paires d’écailles costales', 'qcm', '2017-02-03 16:37:23', 'Number of pairs of costal scales', 'C5', NULL, NULL, ''),
(18, 4, 'Ecailles superposées ou Bec pointu courbé?', 'qcm', '2017-02-03 16:39:36', 'Superimposed scales or curved pointed beak?', 'C6', 126, NULL, ''),
(19, 4, 'Forme de la carapace', 'qcm', '2017-02-03 16:40:16', 'Shape of the carapace', 'C7', NULL, NULL, ''),
(20, 4, 'Nom de l’espèce', 'qcm', '2017-02-03 16:42:27', 'Species name', 'C8', NULL, NULL, ''),
(21, 4, 'Etat de l’animal', 'qcm', '2017-02-03 16:43:14', 'State of the animal', 'C10', NULL, NULL, ''),
(22, 4, 'Type de marquage que vous effectuer?', 'qcm', '2017-02-03 16:44:22', 'Type of marking you perform?', 'C11', NULL, NULL, ''),
(23, 4, 'Numero bague/puce', 'qcm', '2017-02-03 16:45:32', 'Ring / chip number', 'C12', NULL, NULL, ''),
(24, 4, 'Où est l’animal à votre depart?', 'qcm', '2017-02-03 16:46:27', 'Where is the animal by the time you leave the site?', 'C13', NULL, NULL, ''),
(25, 4, 'Cause de la mort', 'qcm', '2017-02-03 16:48:00', 'Cause of death', 'C14', NULL, NULL, ''),
(26, 4, 'Cocher les anomalies externes visibles sur l’animal', 'qcm', '2017-02-03 16:49:05', 'Check the visible external anomalies on the animal', 'C15', NULL, NULL, ''),
(27, 4, 'Photo de la carapace et d\'autres élements importants', 'qro', '2017-02-03 16:49:55', 'Photo of carapace and other important elements', 'C16', NULL, NULL, ''),
(28, 4, 'Note', 'qro', '2017-02-03 16:50:29', 'Note', 'C17', NULL, NULL, ''),
(29, 2, 'Type de carcasses', 'qcm', '2017-02-03 16:51:15', 'Type of carcasses', 'C18', NULL, NULL, ''),
(30, 2, 'Photo de la carcasse et d’autres élements importants', 'qro', '2017-02-03 16:52:03', 'Photo of carcass and other important elements', 'C19', NULL, NULL, ''),
(31, 2, 'Note', 'qro', '2017-02-03 16:52:39', 'Note', 'C20', NULL, NULL, ''),
(32, 3, 'Etat du Nid', 'qcm', '2017-02-09 17:56:28', 'State of the nest', 'B2', NULL, NULL, ''),
(33, 4, 'Numéro', 'qro', '2017-02-13 14:23:43', 'Number', 'C5i', NULL, NULL, ''),
(34, 4, 'Numéro', 'qro', '2017-02-13 14:24:20', 'Number', 'C12i', NULL, NULL, ''),
(36, 1, 'Voulez vous continuez?', 'qcm', '2017-11-09 23:19:04', 'Do you want to continue?', 'PR101', NULL, 1, NULL),
(37, 2, 'Encore une fois?', 'qro', '2017-11-09 23:52:52', 'Another test?', 'PR102', NULL, 1, NULL),
(38, 4, 'Comportement', 'qcm', '2017-11-18 11:57:51', 'Behavior', '2', NULL, 7, NULL),
(39, 3, 'Sélectioner la position du nid sur la plage', 'qcm', '2017-12-02 13:28:27', 'Select nest position on the beach', 'B2i', 135, NULL, NULL),
(40, 4, 'Longueur courbe de la carapace (cm)', 'qro', '2017-12-09 12:37:21', 'Curved carapace length (cm)', 'C9', 138, NULL, NULL),
(41, 1, 'ou?', 'qro', '2019-11-08 10:37:20', 'where', '104', NULL, 11, NULL),
(47, 2, 'ou?', 'qcm', '2019-11-09 19:07:47', 'where', '201', NULL, 6, NULL),
(48, 4, 'Le tortue est dans quelle Zone de la plage?', 'qcm', '2019-11-11 13:57:42', 'The turtle is in which Zone of the beach?', 'Gab1', NULL, 35, NULL),
(49, 3, 'Le nid est dans quelle Zone de la plage?', 'qcm', '2019-11-11 14:14:26', 'The nest is in which Zone of the beach?', 'Gab2', NULL, 35, NULL),
(50, 1, 'Les traces sont dans quelle Zone de la plage?', 'qcm', '2019-11-11 14:15:14', 'The tracks are in which Zone of the beach?', 'Gab3', NULL, 35, NULL),
(51, 2, 'Le carcasse est dans quelle Zone de la plage?', 'qcm', '2019-11-11 14:16:04', 'The carcass is in which Zone of the beach?', 'Gab4', NULL, 35, NULL);

-- --------------------------------------------------------

--
-- Structure de la table `repondre`
--

CREATE TABLE `repondre` (
  `id` int(11) NOT NULL,
  `observation_id` int(11) DEFAULT NULL,
  `question_id` int(11) DEFAULT NULL,
  `reponse_id` int(11) DEFAULT NULL,
  `reponseText` varchar(255) COLLATE utf8_unicode_ci DEFAULT NULL,
  `dateAdd` datetime NOT NULL
) ENGINE=InnoDB DEFAULT CHARSET=utf8 COLLATE=utf8_unicode_ci;

--
-- Déchargement des données de la table `repondre`
--

INSERT INTO `repondre` (`id`, `observation_id`, `question_id`, `reponse_id`, `reponseText`, `dateAdd`) VALUES
(1, 1, 1, 1, NULL, '2017-03-28 13:33:14'),
(2, 1, 2, 3, NULL, '2017-03-28 13:33:14'),
(3, 1, 3, NULL, '28', '2017-03-28 13:33:14'),
(4, 1, 4, 6, NULL, '2017-03-28 13:33:14'),
(5, 2, 29, 74, NULL, '2017-03-28 13:33:14'),
(6, 3, 1, 2, NULL, '2017-04-01 14:48:27'),
(7, 3, 2, 4, NULL, '2017-04-01 14:48:27'),
(8, 3, 3, NULL, '18', '2017-04-01 14:48:27'),
(9, 3, 4, 5, NULL, '2017-04-01 14:48:27'),
(10, 4, 7, 12, NULL, '2017-04-01 14:48:27'),
(11, 4, 32, 16, NULL, '2017-04-01 14:48:27'),
(12, 4, 8, 19, NULL, '2017-04-01 14:48:27'),
(13, 4, 9, 22, NULL, '2017-04-01 14:48:27'),
(14, 4, 4, 5, NULL, '2017-04-01 14:48:27'),
(16, 5, 13, 23, NULL, '2017-04-01 14:48:27'),
(17, 5, 14, 25, NULL, '2017-04-01 14:48:27'),
(18, 5, 15, 27, NULL, '2017-04-01 14:48:27'),
(19, 5, 16, 29, NULL, '2017-04-01 14:48:27'),
(20, 5, 33, NULL, '3', '2017-04-01 14:48:27'),
(21, 5, 17, 30, NULL, '2017-04-01 14:48:27'),
(22, 5, 20, 42, NULL, '2017-04-01 14:48:27'),
(23, 5, 21, 45, NULL, '2017-04-01 14:48:27'),
(24, 5, 22, 51, NULL, '2017-04-01 14:48:27'),
(25, 5, 24, 56, NULL, '2017-04-01 14:48:27'),
(26, 5, 25, 63, NULL, '2017-04-01 14:48:27'),
(27, 37, 1, 1, NULL, '2017-09-06 14:43:33'),
(28, 37, 2, 4, NULL, '2017-09-06 14:43:33'),
(29, 37, 3, NULL, '15', '2017-09-06 14:43:33'),
(30, 37, 4, 5, NULL, '2017-09-06 14:43:33'),
(31, 38, 1, 1, NULL, '2017-11-14 02:28:21'),
(32, 38, 7, 11, NULL, '2017-11-14 02:28:21'),
(33, 38, 32, 14, NULL, '2017-11-14 02:28:21'),
(34, 38, 8, 18, NULL, '2017-11-14 02:28:21'),
(35, 38, 2, 4, NULL, '2017-11-14 02:28:21'),
(36, 38, 3, NULL, '18', '2017-11-14 02:28:21'),
(37, 38, 4, 6, NULL, '2017-11-14 02:28:21'),
(38, 38, 36, 83, NULL, '2017-11-14 02:28:21'),
(40, 39, 13, 23, NULL, '2017-11-14 02:28:21'),
(41, 39, 14, 26, NULL, '2017-11-14 02:28:21'),
(42, 39, 15, 28, NULL, '2017-11-14 02:28:21'),
(43, 39, 17, 30, NULL, '2017-11-14 02:28:21'),
(44, 39, 20, 41, NULL, '2017-11-14 02:28:21'),
(45, 39, 21, 46, NULL, '2017-11-14 02:28:21'),
(46, 39, 22, 49, NULL, '2017-11-14 02:28:21'),
(47, 39, 23, 53, NULL, '2017-11-14 02:28:21'),
(48, 39, 24, 56, NULL, '2017-11-14 02:28:21'),
(49, 39, 25, 63, NULL, '2017-11-14 02:28:21'),
(50, 41, 1, 1, NULL, '2017-11-15 18:29:22'),
(51, 41, 2, 3, NULL, '2017-11-15 18:29:22'),
(52, 41, 3, NULL, '85', '2017-11-15 18:29:22'),
(53, 41, 4, 7, NULL, '2017-11-15 18:29:22'),
(54, 41, 5, NULL, 'null', '2017-11-15 18:29:22'),
(55, 41, 6, NULL, 'Bien', '2017-11-15 18:29:22'),
(56, 42, 29, 74, NULL, '2017-11-17 16:28:02'),
(57, 42, 30, NULL, 'undefined', '2017-11-17 16:28:02'),
(58, 42, 31, NULL, '', '2017-11-17 16:28:02'),
(59, 43, 29, 74, NULL, '2017-11-17 16:43:00'),
(60, 43, 30, NULL, 'undefined', '2017-11-17 16:43:00'),
(61, 43, 31, NULL, '', '2017-11-17 16:43:00'),
(63, 44, 13, 24, NULL, '2017-11-17 17:27:15'),
(64, 44, 14, 25, NULL, '2017-11-17 17:27:15'),
(65, 44, 15, 28, NULL, '2017-11-17 17:27:15'),
(66, 44, 17, 31, NULL, '2017-11-17 17:27:15'),
(67, 44, 18, 35, NULL, '2017-11-17 17:27:15'),
(68, 44, 20, 38, NULL, '2017-11-17 17:27:15'),
(69, 44, 21, 47, NULL, '2017-11-17 17:27:15'),
(70, 44, 25, 61, NULL, '2017-11-17 17:27:15'),
(71, 44, 27, NULL, 'undefined', '2017-11-17 17:27:15'),
(72, 44, 28, NULL, 'Terminer', '2017-11-17 17:27:15'),
(74, 45, 13, 24, NULL, '2017-11-17 19:11:13'),
(75, 45, 14, 25, NULL, '2017-11-17 19:11:13'),
(76, 45, 15, 28, NULL, '2017-11-17 19:11:13'),
(77, 45, 17, 31, NULL, '2017-11-17 19:11:13'),
(78, 45, 18, 35, NULL, '2017-11-17 19:11:13'),
(79, 45, 20, 38, NULL, '2017-11-17 19:11:13'),
(80, 45, 21, 47, NULL, '2017-11-17 19:11:13'),
(81, 45, 25, 61, NULL, '2017-11-17 19:11:13'),
(82, 45, 27, NULL, 'undefined', '2017-11-17 19:11:13'),
(83, 45, 28, NULL, 'Terminer', '2017-11-17 19:11:13'),
(84, 46, 29, 74, NULL, '2017-11-18 08:22:47'),
(85, 46, 30, NULL, 'undefined', '2017-11-18 08:22:47'),
(86, 46, 31, NULL, 'Terminer', '2017-11-18 08:22:47'),
(87, 47, 7, 12, NULL, '2017-11-18 08:22:47'),
(88, 47, 32, 16, NULL, '2017-11-18 08:22:47'),
(89, 47, 8, 18, NULL, '2017-11-18 08:22:47'),
(90, 47, 9, 22, NULL, '2017-11-18 08:22:47'),
(91, 47, 4, 5, NULL, '2017-11-18 08:22:47'),
(92, 47, 10, NULL, 'undefined', '2017-11-18 08:22:47'),
(93, 47, 11, NULL, '', '2017-11-18 08:22:47'),
(94, 48, 29, 74, NULL, '2017-11-18 08:23:23'),
(95, 48, 30, NULL, 'undefined', '2017-11-18 08:23:23'),
(96, 48, 31, NULL, 'Terminer', '2017-11-18 08:23:23'),
(97, 49, 7, 12, NULL, '2017-11-18 08:23:23'),
(98, 49, 32, 16, NULL, '2017-11-18 08:23:23'),
(99, 49, 8, 18, NULL, '2017-11-18 08:23:23'),
(100, 49, 9, 22, NULL, '2017-11-18 08:23:23'),
(101, 49, 4, 5, NULL, '2017-11-18 08:23:23'),
(102, 49, 10, NULL, 'undefined', '2017-11-18 08:23:23'),
(103, 49, 11, NULL, '', '2017-11-18 08:23:23'),
(104, 50, 29, 74, NULL, '2017-11-18 08:24:31'),
(105, 50, 30, NULL, 'undefined', '2017-11-18 08:24:31'),
(106, 50, 31, NULL, 'Terminer', '2017-11-18 08:24:31'),
(107, 51, 7, 12, NULL, '2017-11-18 08:24:31'),
(108, 51, 32, 16, NULL, '2017-11-18 08:24:31'),
(109, 51, 8, 18, NULL, '2017-11-18 08:24:31'),
(110, 51, 9, 22, NULL, '2017-11-18 08:24:31'),
(111, 51, 4, 5, NULL, '2017-11-18 08:24:31'),
(112, 51, 10, NULL, 'undefined', '2017-11-18 08:24:31'),
(113, 51, 11, NULL, '', '2017-11-18 08:24:31'),
(114, 52, 29, 74, NULL, '2017-11-18 09:01:48'),
(115, 52, 30, NULL, 'undefined', '2017-11-18 09:01:48'),
(116, 52, 31, NULL, 'Terminer', '2017-11-18 09:01:48'),
(117, 53, 7, 12, NULL, '2017-11-18 09:01:48'),
(118, 53, 32, 16, NULL, '2017-11-18 09:01:48'),
(119, 53, 8, 18, NULL, '2017-11-18 09:01:48'),
(120, 53, 9, 22, NULL, '2017-11-18 09:01:48'),
(121, 53, 4, 5, NULL, '2017-11-18 09:01:48'),
(122, 53, 10, NULL, 'undefined', '2017-11-18 09:01:48'),
(123, 53, 11, NULL, '', '2017-11-18 09:01:48'),
(124, 54, 1, 1, NULL, '2017-11-18 11:27:19'),
(125, 54, 7, 12, NULL, '2017-11-18 11:27:19'),
(126, 54, 32, 16, NULL, '2017-11-18 11:27:19'),
(127, 54, 8, 18, NULL, '2017-11-18 11:27:19'),
(128, 54, 2, 3, NULL, '2017-11-18 11:27:19'),
(129, 54, 3, NULL, '55', '2017-11-18 11:27:19'),
(130, 54, 4, 6, NULL, '2017-11-18 11:27:19'),
(131, 54, 5, NULL, 'undefined', '2017-11-18 11:27:19'),
(132, 54, 6, NULL, '', '2017-11-18 11:27:19'),
(133, 55, 29, 68, NULL, '2017-11-18 11:27:19'),
(134, 55, 17, 31, NULL, '2017-11-18 11:27:19'),
(135, 55, 18, 34, NULL, '2017-11-18 11:27:19'),
(136, 55, 19, 36, NULL, '2017-11-18 11:27:19'),
(137, 55, 20, 38, NULL, '2017-11-18 11:27:19'),
(138, 55, 30, NULL, 'undefined', '2017-11-18 11:27:19'),
(139, 55, 31, NULL, 'Good', '2017-11-18 11:27:19'),
(140, 56, 1, 1, NULL, '2017-11-18 11:27:19'),
(141, 56, 7, 11, NULL, '2017-11-18 11:27:19'),
(142, 56, 32, 16, NULL, '2017-11-18 11:27:19'),
(143, 56, 8, 19, NULL, '2017-11-18 11:27:19'),
(144, 56, 2, 3, NULL, '2017-11-18 11:27:19'),
(145, 56, 3, NULL, '65', '2017-11-18 11:27:19'),
(146, 56, 4, 6, NULL, '2017-11-18 11:27:19'),
(147, 56, 5, NULL, 'undefined', '2017-11-18 11:27:19'),
(148, 56, 6, NULL, '', '2017-11-18 11:27:19'),
(149, 57, 7, 11, NULL, '2017-11-18 11:27:19'),
(150, 57, 32, 15, NULL, '2017-11-18 11:27:19'),
(151, 57, 8, 19, NULL, '2017-11-18 11:27:19'),
(152, 57, 9, 22, NULL, '2017-11-18 11:27:19'),
(153, 57, 4, 6, NULL, '2017-11-18 11:27:19'),
(154, 57, 10, NULL, 'undefined', '2017-11-18 11:27:19'),
(155, 57, 11, NULL, '', '2017-11-18 11:27:19'),
(157, 58, 13, 23, NULL, '2017-11-18 11:27:19'),
(158, 58, 14, 25, NULL, '2017-11-18 11:27:19'),
(159, 58, 15, 27, NULL, '2017-11-18 11:27:19'),
(160, 58, 16, 29, NULL, '2017-11-18 11:27:19'),
(161, 58, 33, NULL, '585696', '2017-11-18 11:27:19'),
(162, 58, 17, 31, NULL, '2017-11-18 11:27:19'),
(163, 58, 18, 34, NULL, '2017-11-18 11:27:19'),
(164, 58, 20, 38, NULL, '2017-11-18 11:27:19'),
(165, 58, 21, 47, NULL, '2017-11-18 11:27:19'),
(166, 58, 25, 60, NULL, '2017-11-18 11:27:19'),
(167, 58, 26, 65, NULL, '2017-11-18 11:27:19'),
(168, 58, 27, NULL, 'undefined', '2017-11-18 11:27:19'),
(169, 58, 28, NULL, '', '2017-11-18 11:27:19'),
(170, 59, 1, 1, NULL, '2017-11-18 11:27:23'),
(171, 59, 7, 12, NULL, '2017-11-18 11:27:23'),
(172, 59, 32, 16, NULL, '2017-11-18 11:27:23'),
(173, 59, 8, 18, NULL, '2017-11-18 11:27:23'),
(174, 59, 2, 3, NULL, '2017-11-18 11:27:23'),
(175, 59, 3, NULL, '55', '2017-11-18 11:27:23'),
(176, 59, 4, 6, NULL, '2017-11-18 11:27:23'),
(177, 59, 5, NULL, 'undefined', '2017-11-18 11:27:23'),
(178, 59, 6, NULL, '', '2017-11-18 11:27:23'),
(179, 60, 29, 68, NULL, '2017-11-18 11:27:23'),
(180, 60, 17, 31, NULL, '2017-11-18 11:27:23'),
(181, 60, 18, 34, NULL, '2017-11-18 11:27:23'),
(182, 60, 19, 36, NULL, '2017-11-18 11:27:23'),
(183, 60, 20, 38, NULL, '2017-11-18 11:27:23'),
(184, 60, 30, NULL, 'undefined', '2017-11-18 11:27:23'),
(185, 60, 31, NULL, 'Good', '2017-11-18 11:27:23'),
(186, 61, 1, 1, NULL, '2017-11-18 11:27:23'),
(187, 61, 7, 11, NULL, '2017-11-18 11:27:23'),
(188, 61, 32, 16, NULL, '2017-11-18 11:27:23'),
(189, 61, 8, 19, NULL, '2017-11-18 11:27:23'),
(190, 61, 2, 3, NULL, '2017-11-18 11:27:23'),
(191, 61, 3, NULL, '65', '2017-11-18 11:27:23'),
(192, 61, 4, 6, NULL, '2017-11-18 11:27:23'),
(193, 61, 5, NULL, 'undefined', '2017-11-18 11:27:23'),
(194, 61, 6, NULL, '', '2017-11-18 11:27:23'),
(195, 62, 7, 11, NULL, '2017-11-18 11:27:23'),
(196, 62, 32, 15, NULL, '2017-11-18 11:27:23'),
(197, 62, 8, 19, NULL, '2017-11-18 11:27:23'),
(198, 62, 9, 22, NULL, '2017-11-18 11:27:23'),
(199, 62, 4, 6, NULL, '2017-11-18 11:27:23'),
(200, 62, 10, NULL, 'undefined', '2017-11-18 11:27:23'),
(201, 62, 11, NULL, '', '2017-11-18 11:27:23'),
(203, 63, 13, 23, NULL, '2017-11-18 11:27:23'),
(204, 63, 14, 25, NULL, '2017-11-18 11:27:23'),
(205, 63, 15, 27, NULL, '2017-11-18 11:27:23'),
(206, 63, 16, 29, NULL, '2017-11-18 11:27:23'),
(207, 63, 33, NULL, '585696', '2017-11-18 11:27:23'),
(208, 63, 17, 31, NULL, '2017-11-18 11:27:23'),
(209, 63, 18, 34, NULL, '2017-11-18 11:27:23'),
(210, 63, 20, 38, NULL, '2017-11-18 11:27:23'),
(211, 63, 21, 47, NULL, '2017-11-18 11:27:23'),
(212, 63, 25, 60, NULL, '2017-11-18 11:27:23'),
(213, 63, 26, 65, NULL, '2017-11-18 11:27:23'),
(214, 63, 27, NULL, 'undefined', '2017-11-18 11:27:23'),
(215, 63, 28, NULL, '', '2017-11-18 11:27:23'),
(216, 64, 1, 1, NULL, '2017-11-18 11:55:04'),
(217, 64, 7, 11, NULL, '2017-11-18 11:55:04'),
(218, 64, 32, 14, NULL, '2017-11-18 11:55:04'),
(219, 64, 8, 18, NULL, '2017-11-18 11:55:04'),
(220, 64, 2, 3, NULL, '2017-11-18 11:55:04'),
(221, 64, 3, NULL, '80', '2017-11-18 11:55:04'),
(222, 64, 4, 5, NULL, '2017-11-18 11:55:04'),
(223, 65, 7, 11, NULL, '2017-11-18 11:55:04'),
(224, 65, 32, 15, NULL, '2017-11-18 11:55:04'),
(225, 65, 8, 18, NULL, '2017-11-18 11:55:04'),
(226, 65, 9, 21, NULL, '2017-11-18 11:55:04'),
(227, 65, 2, 3, NULL, '2017-11-18 11:55:04'),
(228, 65, 3, NULL, '67', '2017-11-18 11:55:04'),
(229, 65, 4, 5, NULL, '2017-11-18 11:55:04'),
(230, 66, 1, 2, NULL, '2017-11-19 19:53:12'),
(231, 66, 2, 3, NULL, '2017-11-19 19:53:13'),
(232, 66, 3, NULL, '123', '2017-11-19 19:53:13'),
(233, 66, 4, 10, NULL, '2017-11-19 19:53:13'),
(234, 66, 5, NULL, 'undefined', '2017-11-19 19:53:13'),
(235, 66, 6, NULL, 'Cgujvj', '2017-11-19 19:53:13'),
(236, 67, 1, 2, NULL, '2017-11-19 21:05:59'),
(237, 67, 2, 3, NULL, '2017-11-19 21:05:59'),
(238, 67, 3, NULL, '25', '2017-11-19 21:05:59'),
(239, 67, 4, 5, NULL, '2017-11-19 21:05:59'),
(240, 67, 5, NULL, 'undefined', '2017-11-19 21:05:59'),
(241, 67, 6, NULL, '', '2017-11-19 21:05:59'),
(242, 68, 1, 2, NULL, '2017-11-19 21:05:59'),
(243, 68, 2, 3, NULL, '2017-11-19 21:05:59'),
(244, 68, 3, NULL, '25', '2017-11-19 21:05:59'),
(245, 68, 4, 5, NULL, '2017-11-19 21:05:59'),
(246, 68, 5, NULL, 'undefined', '2017-11-19 21:05:59'),
(247, 68, 6, NULL, '', '2017-11-19 21:05:59'),
(248, 69, 29, 74, NULL, '2017-11-19 21:05:59'),
(249, 69, 30, NULL, 'undefined', '2017-11-19 21:05:59'),
(250, 69, 31, NULL, 'Good', '2017-11-19 21:05:59'),
(251, 70, 1, 1, NULL, '2017-11-19 21:05:59'),
(252, 70, 7, 12, NULL, '2017-11-19 21:05:59'),
(253, 70, 32, 14, NULL, '2017-11-19 21:05:59'),
(254, 70, 8, 19, NULL, '2017-11-19 21:05:59'),
(255, 70, 2, 3, NULL, '2017-11-19 21:05:59'),
(256, 70, 3, NULL, '85', '2017-11-19 21:05:59'),
(257, 70, 4, 5, NULL, '2017-11-19 21:05:59'),
(258, 70, 5, NULL, 'undefined', '2017-11-19 21:05:59'),
(259, 70, 6, NULL, 'Ok', '2017-11-19 21:05:59'),
(260, 71, 29, 68, NULL, '2017-11-19 21:05:59'),
(261, 71, 17, 31, NULL, '2017-11-19 21:05:59'),
(262, 71, 18, 34, NULL, '2017-11-19 21:05:59'),
(263, 71, 19, 36, NULL, '2017-11-19 21:05:59'),
(264, 71, 20, 38, NULL, '2017-11-19 21:05:59'),
(265, 71, 30, NULL, 'undefined', '2017-11-19 21:05:59'),
(266, 71, 31, NULL, '', '2017-11-19 21:05:59'),
(267, 72, 7, 12, NULL, '2017-11-19 21:05:59'),
(268, 72, 32, 15, NULL, '2017-11-19 21:05:59'),
(269, 72, 8, 19, NULL, '2017-11-19 21:05:59'),
(270, 72, 9, 22, NULL, '2017-11-19 21:05:59'),
(271, 72, 4, 7, NULL, '2017-11-19 21:05:59'),
(272, 72, 10, NULL, 'undefined', '2017-11-19 21:05:59'),
(273, 72, 11, NULL, '', '2017-11-19 21:05:59'),
(276, 73, 13, 23, NULL, '2017-11-19 21:05:59'),
(277, 73, 14, 25, NULL, '2017-11-19 21:05:59'),
(278, 73, 15, 28, NULL, '2017-11-19 21:05:59'),
(279, 73, 17, 33, NULL, '2017-11-19 21:05:59'),
(280, 73, 20, 40, NULL, '2017-11-19 21:05:59'),
(281, 73, 21, 46, NULL, '2017-11-19 21:05:59'),
(282, 73, 22, 50, NULL, '2017-11-19 21:05:59'),
(283, 73, 24, 57, NULL, '2017-11-19 21:05:59'),
(284, 73, 25, 60, NULL, '2017-11-19 21:05:59'),
(285, 73, 26, 65, NULL, '2017-11-19 21:05:59'),
(286, 73, 27, NULL, 'undefined', '2017-11-19 21:05:59'),
(287, 73, 28, NULL, '', '2017-11-19 21:05:59'),
(288, 74, 7, 12, NULL, '2017-11-19 21:05:59'),
(289, 74, 32, 16, NULL, '2017-11-19 21:05:59'),
(290, 74, 8, 18, NULL, '2017-11-19 21:05:59'),
(291, 74, 9, 21, NULL, '2017-11-19 21:05:59'),
(292, 74, 2, 3, NULL, '2017-11-19 21:05:59'),
(293, 74, 3, NULL, '23', '2017-11-19 21:05:59'),
(294, 74, 4, 9, NULL, '2017-11-19 21:05:59'),
(295, 74, 10, NULL, 'undefined', '2017-11-19 21:05:59'),
(296, 74, 11, NULL, '', '2017-11-19 21:05:59'),
(297, 75, 29, 74, NULL, '2017-11-19 21:05:59'),
(298, 75, 30, NULL, 'undefined', '2017-11-19 21:05:59'),
(299, 75, 31, NULL, 'Good', '2017-11-19 21:05:59'),
(300, 76, 29, 74, NULL, '2017-11-19 21:06:05'),
(301, 76, 30, NULL, 'undefined', '2017-11-19 21:06:05'),
(302, 76, 31, NULL, 'Good', '2017-11-19 21:06:05'),
(303, 77, 1, 1, NULL, '2017-11-19 21:06:14'),
(304, 77, 7, 12, NULL, '2017-11-19 21:06:14'),
(305, 77, 32, 14, NULL, '2017-11-19 21:06:14'),
(306, 77, 8, 19, NULL, '2017-11-19 21:06:14'),
(307, 77, 2, 3, NULL, '2017-11-19 21:06:14'),
(308, 77, 3, NULL, '85', '2017-11-19 21:06:14'),
(309, 77, 4, 5, NULL, '2017-11-19 21:06:14'),
(310, 77, 5, NULL, 'undefined', '2017-11-19 21:06:14'),
(311, 77, 6, NULL, 'Ok', '2017-11-19 21:06:14'),
(312, 78, 29, 68, NULL, '2017-11-19 21:06:15'),
(313, 78, 17, 31, NULL, '2017-11-19 21:06:15'),
(314, 78, 18, 34, NULL, '2017-11-19 21:06:15'),
(315, 78, 19, 36, NULL, '2017-11-19 21:06:15'),
(316, 78, 20, 38, NULL, '2017-11-19 21:06:15'),
(317, 78, 30, NULL, 'undefined', '2017-11-19 21:06:15'),
(318, 78, 31, NULL, '', '2017-11-19 21:06:15'),
(319, 79, 7, 12, NULL, '2017-11-19 21:06:15'),
(320, 79, 32, 15, NULL, '2017-11-19 21:06:15'),
(321, 79, 8, 19, NULL, '2017-11-19 21:06:15'),
(322, 79, 9, 22, NULL, '2017-11-19 21:06:15'),
(323, 79, 4, 7, NULL, '2017-11-19 21:06:15'),
(324, 79, 10, NULL, 'undefined', '2017-11-19 21:06:15'),
(325, 79, 11, NULL, '', '2017-11-19 21:06:15'),
(328, 80, 13, 23, NULL, '2017-11-19 21:06:15'),
(329, 80, 14, 25, NULL, '2017-11-19 21:06:15'),
(330, 80, 15, 28, NULL, '2017-11-19 21:06:15'),
(331, 80, 17, 33, NULL, '2017-11-19 21:06:15'),
(332, 80, 20, 40, NULL, '2017-11-19 21:06:15'),
(333, 80, 21, 46, NULL, '2017-11-19 21:06:15'),
(334, 80, 22, 50, NULL, '2017-11-19 21:06:15'),
(335, 80, 24, 57, NULL, '2017-11-19 21:06:15'),
(336, 80, 25, 60, NULL, '2017-11-19 21:06:15'),
(337, 80, 26, 65, NULL, '2017-11-19 21:06:15'),
(338, 80, 27, NULL, 'undefined', '2017-11-19 21:06:15'),
(339, 80, 28, NULL, '', '2017-11-19 21:06:15'),
(340, 81, 7, 12, NULL, '2017-11-19 21:06:15'),
(341, 81, 32, 16, NULL, '2017-11-19 21:06:15'),
(342, 81, 8, 18, NULL, '2017-11-19 21:06:15'),
(343, 81, 9, 21, NULL, '2017-11-19 21:06:15'),
(344, 81, 2, 3, NULL, '2017-11-19 21:06:15'),
(345, 81, 3, NULL, '23', '2017-11-19 21:06:15'),
(346, 81, 4, 9, NULL, '2017-11-19 21:06:15'),
(347, 81, 10, NULL, 'undefined', '2017-11-19 21:06:15'),
(348, 81, 11, NULL, '', '2017-11-19 21:06:15'),
(349, 82, 7, 12, NULL, '2017-11-19 21:59:12'),
(350, 82, 32, 14, NULL, '2017-11-19 21:59:12'),
(351, 82, 8, 19, NULL, '2017-11-19 21:59:12'),
(352, 82, 9, 21, NULL, '2017-11-19 21:59:12'),
(353, 82, 2, 4, NULL, '2017-11-19 21:59:12'),
(354, 82, 3, NULL, '12', '2017-11-19 21:59:12'),
(355, 82, 4, 5, NULL, '2017-11-19 21:59:12'),
(356, 82, 10, NULL, 'undefined', '2017-11-19 21:59:12'),
(357, 82, 11, NULL, '', '2017-11-19 21:59:12'),
(358, 83, 1, 2, NULL, '2017-11-19 21:59:12'),
(359, 83, 2, 3, NULL, '2017-11-19 21:59:12'),
(360, 83, 3, NULL, '12', '2017-11-19 21:59:12'),
(361, 83, 4, 5, NULL, '2017-11-19 21:59:12'),
(362, 83, 5, NULL, 'undefined', '2017-11-19 21:59:12'),
(363, 83, 6, NULL, '', '2017-11-19 21:59:12'),
(364, 84, 29, 74, NULL, '2017-11-20 00:13:48'),
(365, 84, 30, NULL, 'undefined', '2017-11-20 00:13:48'),
(366, 84, 31, NULL, '', '2017-11-20 00:13:48'),
(367, 85, 29, 74, NULL, '2017-11-20 00:42:55'),
(368, 85, 30, NULL, 'undefined', '2017-11-20 00:42:55'),
(369, 85, 31, NULL, '', '2017-11-20 00:42:55'),
(370, 86, 29, 74, NULL, '2017-11-20 00:45:25'),
(371, 86, 30, NULL, 'undefined', '2017-11-20 00:45:25'),
(372, 86, 31, NULL, '', '2017-11-20 00:45:25'),
(373, 87, 1, 1, NULL, '2017-11-20 01:46:49'),
(374, 87, 7, 12, NULL, '2017-11-20 01:46:49'),
(375, 87, 32, 15, NULL, '2017-11-20 01:46:49'),
(376, 87, 8, 19, NULL, '2017-11-20 01:46:49'),
(377, 87, 2, 3, NULL, '2017-11-20 01:46:49'),
(378, 87, 3, NULL, '585', '2017-11-20 01:46:49'),
(379, 87, 4, 5, NULL, '2017-11-20 01:46:49'),
(380, 87, 5, NULL, 'undefined', '2017-11-20 01:46:49'),
(381, 87, 6, NULL, 'Ok', '2017-11-20 01:46:49'),
(382, 88, 29, 74, NULL, '2017-11-20 01:46:49'),
(383, 88, 30, NULL, 'undefined', '2017-11-20 01:46:49'),
(384, 88, 31, NULL, 'To verified ', '2017-11-20 01:46:49'),
(385, 89, 1, 1, NULL, '2017-11-20 01:46:53'),
(386, 89, 7, 13, NULL, '2017-11-20 01:46:53'),
(387, 89, 32, 15, NULL, '2017-11-20 01:46:53'),
(388, 89, 8, 19, NULL, '2017-11-20 01:46:53'),
(389, 89, 2, 4, NULL, '2017-11-20 01:46:53'),
(390, 89, 3, NULL, '52', '2017-11-20 01:46:53'),
(391, 89, 4, 7, NULL, '2017-11-20 01:46:53'),
(392, 89, 5, NULL, 'undefined', '2017-11-20 01:46:53'),
(393, 89, 6, NULL, 'Ok', '2017-11-20 01:46:53'),
(394, 90, 29, 68, NULL, '2017-11-20 01:46:53'),
(395, 90, 17, 31, NULL, '2017-11-20 01:46:53'),
(396, 90, 18, 34, NULL, '2017-11-20 01:46:53'),
(397, 90, 19, 36, NULL, '2017-11-20 01:46:53'),
(398, 90, 20, 39, NULL, '2017-11-20 01:46:53'),
(399, 90, 30, NULL, 'undefined', '2017-11-20 01:46:53'),
(400, 90, 31, NULL, 'Gr', '2017-11-20 01:46:53'),
(401, 91, 29, 74, NULL, '2017-11-20 07:29:07'),
(402, 91, 30, NULL, 'undefined', '2017-11-20 07:29:07'),
(403, 91, 31, NULL, '', '2017-11-20 07:29:07'),
(404, 92, 29, 74, NULL, '2017-11-20 08:18:32'),
(405, 92, 30, NULL, 'undefined', '2017-11-20 08:18:32'),
(406, 92, 31, NULL, '', '2017-11-20 08:18:32'),
(407, 93, 29, 74, NULL, '2017-11-24 20:26:35'),
(408, 93, 30, NULL, 'undefined', '2017-11-24 20:26:35'),
(409, 93, 31, NULL, 'Ty', '2017-11-24 20:26:35'),
(410, 94, 1, 1, NULL, '2017-11-24 20:26:35'),
(411, 94, 7, 12, NULL, '2017-11-24 20:26:35'),
(412, 94, 32, 17, NULL, '2017-11-24 20:26:35'),
(413, 94, 8, 19, NULL, '2017-11-24 20:26:35'),
(414, 94, 2, 4, NULL, '2017-11-24 20:26:35'),
(415, 94, 3, NULL, '2', '2017-11-24 20:26:35'),
(416, 94, 4, 5, NULL, '2017-11-24 20:26:35'),
(417, 94, 5, NULL, 'undefined', '2017-11-24 20:26:35'),
(418, 94, 6, NULL, '', '2017-11-24 20:26:35'),
(419, 95, 29, 74, NULL, '2017-11-24 20:27:52'),
(420, 95, 30, NULL, 'undefined', '2017-11-24 20:27:52'),
(421, 95, 31, NULL, '', '2017-11-24 20:27:52'),
(422, 96, 29, 74, NULL, '2017-11-26 14:58:01'),
(423, 96, 30, NULL, 'undefined', '2017-11-26 14:58:01'),
(424, 96, 31, NULL, '', '2017-11-26 14:58:01'),
(426, 97, 13, 23, NULL, '2017-11-30 20:06:36'),
(427, 97, 14, 25, NULL, '2017-11-30 20:06:36'),
(428, 97, 15, 27, NULL, '2017-11-30 20:06:36'),
(429, 97, 16, 78, NULL, '2017-11-30 20:06:36'),
(430, 97, 33, NULL, '253', '2017-11-30 20:06:36'),
(431, 97, 17, 32, NULL, '2017-11-30 20:06:36'),
(432, 97, 19, 36, NULL, '2017-11-30 20:06:36'),
(433, 97, 20, 38, NULL, '2017-11-30 20:06:36'),
(434, 97, 21, 46, NULL, '2017-11-30 20:06:36'),
(435, 97, 22, 51, NULL, '2017-11-30 20:06:36'),
(436, 97, 24, 56, NULL, '2017-11-30 20:06:36'),
(437, 97, 25, 62, NULL, '2017-11-30 20:06:36'),
(438, 97, 27, NULL, 'undefined', '2017-11-30 20:06:36'),
(439, 97, 38, 87, NULL, '2017-11-30 20:06:36'),
(440, 97, 28, NULL, 'Gev', '2017-11-30 20:06:36'),
(442, 98, 13, 23, NULL, '2017-11-30 20:06:36'),
(443, 98, 14, 25, NULL, '2017-11-30 20:06:36'),
(444, 98, 15, 28, NULL, '2017-11-30 20:06:36'),
(445, 98, 17, 30, NULL, '2017-11-30 20:06:36'),
(446, 98, 20, 38, NULL, '2017-11-30 20:06:36'),
(447, 98, 21, 47, NULL, '2017-11-30 20:06:36'),
(448, 98, 25, 61, NULL, '2017-11-30 20:06:36'),
(449, 98, 27, NULL, 'undefined', '2017-11-30 20:06:36'),
(450, 98, 38, 87, NULL, '2017-11-30 20:06:36'),
(451, 98, 28, NULL, 'Ewgrjg', '2017-11-30 20:06:36'),
(452, 99, 1, 1, NULL, '2017-12-01 04:45:09'),
(453, 99, 7, 12, NULL, '2017-12-01 04:45:09'),
(454, 99, 32, 15, NULL, '2017-12-01 04:45:09'),
(455, 99, 8, 19, NULL, '2017-12-01 04:45:09'),
(456, 99, 2, 3, NULL, '2017-12-01 04:45:09'),
(457, 99, 3, NULL, '80', '2017-12-01 04:45:09'),
(458, 99, 4, 5, NULL, '2017-12-01 04:45:09'),
(459, 99, 5, NULL, 'undefined', '2017-12-01 04:45:09'),
(460, 99, 6, NULL, 'Good', '2017-12-01 04:45:09'),
(462, 100, 13, 23, NULL, '2017-12-01 04:45:10'),
(463, 100, 14, 25, NULL, '2017-12-01 04:45:10'),
(464, 100, 15, 27, NULL, '2017-12-01 04:45:10'),
(465, 100, 16, 77, NULL, '2017-12-01 04:45:10'),
(466, 100, 33, NULL, '5945664', '2017-12-01 04:45:10'),
(467, 100, 17, 31, NULL, '2017-12-01 04:45:10'),
(468, 100, 18, 34, NULL, '2017-12-01 04:45:10'),
(469, 100, 20, 41, NULL, '2017-12-01 04:45:10'),
(470, 100, 21, 46, NULL, '2017-12-01 04:45:10'),
(471, 100, 22, 51, NULL, '2017-12-01 04:45:10'),
(472, 100, 24, 58, NULL, '2017-12-01 04:45:10'),
(473, 100, 25, 62, NULL, '2017-12-01 04:45:10'),
(474, 100, 27, NULL, 'undefined', '2017-12-01 04:45:10'),
(475, 100, 28, NULL, 'Good', '2017-12-01 04:45:10'),
(476, 101, 7, 12, NULL, '2017-12-01 04:45:10'),
(477, 101, 32, 14, NULL, '2017-12-01 04:45:10'),
(478, 101, 8, 19, NULL, '2017-12-01 04:45:10'),
(479, 101, 9, 22, NULL, '2017-12-01 04:45:10'),
(480, 101, 4, 7, NULL, '2017-12-01 04:45:10'),
(481, 101, 10, NULL, 'undefined', '2017-12-01 04:45:10'),
(482, 101, 11, NULL, 'Fgd', '2017-12-01 04:45:10'),
(483, 102, 1, 1, NULL, '2017-12-01 04:45:10'),
(484, 102, 7, 12, NULL, '2017-12-01 04:45:10'),
(485, 102, 32, 15, NULL, '2017-12-01 04:45:10'),
(486, 102, 8, 19, NULL, '2017-12-01 04:45:10'),
(487, 102, 2, 3, NULL, '2017-12-01 04:45:10'),
(488, 102, 3, NULL, '80', '2017-12-01 04:45:10'),
(489, 102, 4, 5, NULL, '2017-12-01 04:45:10'),
(490, 102, 5, NULL, 'undefined', '2017-12-01 04:45:10'),
(491, 102, 6, NULL, 'Good', '2017-12-01 04:45:10'),
(493, 103, 13, 23, NULL, '2017-12-01 04:45:10'),
(494, 103, 14, 25, NULL, '2017-12-01 04:45:10'),
(495, 103, 15, 27, NULL, '2017-12-01 04:45:10'),
(496, 103, 16, 77, NULL, '2017-12-01 04:45:10'),
(497, 103, 33, NULL, '5945664', '2017-12-01 04:45:10'),
(498, 103, 17, 31, NULL, '2017-12-01 04:45:10'),
(499, 103, 18, 34, NULL, '2017-12-01 04:45:10'),
(500, 103, 20, 41, NULL, '2017-12-01 04:45:10'),
(501, 103, 21, 46, NULL, '2017-12-01 04:45:10'),
(502, 103, 22, 51, NULL, '2017-12-01 04:45:10'),
(503, 103, 24, 58, NULL, '2017-12-01 04:45:10'),
(504, 103, 25, 62, NULL, '2017-12-01 04:45:10'),
(505, 103, 27, NULL, 'undefined', '2017-12-01 04:45:10'),
(506, 103, 28, NULL, 'Good', '2017-12-01 04:45:10'),
(507, 104, 7, 12, NULL, '2017-12-01 04:45:10'),
(508, 104, 32, 14, NULL, '2017-12-01 04:45:10'),
(509, 104, 8, 19, NULL, '2017-12-01 04:45:10'),
(510, 104, 9, 22, NULL, '2017-12-01 04:45:10'),
(511, 104, 4, 7, NULL, '2017-12-01 04:45:10'),
(512, 104, 10, NULL, 'undefined', '2017-12-01 04:45:10'),
(513, 104, 11, NULL, 'Fgd', '2017-12-01 04:45:10'),
(514, 105, 29, 74, NULL, '2017-12-01 07:27:59'),
(515, 105, 30, NULL, 'undefined', '2017-12-01 07:27:59'),
(516, 105, 31, NULL, '', '2017-12-01 07:27:59'),
(517, 106, 29, 74, NULL, '2017-12-01 07:34:27'),
(518, 106, 30, NULL, 'undefined', '2017-12-01 07:34:27'),
(519, 106, 31, NULL, '', '2017-12-01 07:34:27'),
(520, 107, 29, 74, NULL, '2017-12-01 07:34:27'),
(521, 107, 30, NULL, 'undefined', '2017-12-01 07:34:27'),
(522, 107, 31, NULL, '', '2017-12-01 07:34:27'),
(523, 108, 29, 74, NULL, '2017-12-01 07:34:27'),
(524, 108, 30, NULL, 'undefined', '2017-12-01 07:34:27'),
(525, 108, 31, NULL, '', '2017-12-01 07:34:27'),
(526, 109, 29, 74, NULL, '2017-12-01 14:29:26'),
(527, 109, 30, NULL, 'undefined', '2017-12-01 14:29:26'),
(528, 109, 31, NULL, '', '2017-12-01 14:29:26'),
(529, 110, 7, 12, NULL, '2017-12-01 14:38:41'),
(530, 110, 32, 17, NULL, '2017-12-01 14:38:41'),
(531, 110, 8, 19, NULL, '2017-12-01 14:38:41'),
(532, 110, 9, 22, NULL, '2017-12-01 14:38:41'),
(533, 110, 4, 6, NULL, '2017-12-01 14:38:41'),
(534, 110, 10, NULL, 'undefined', '2017-12-01 14:38:41'),
(535, 110, 11, NULL, '', '2017-12-01 14:38:41'),
(536, 111, 7, 12, NULL, '2017-12-01 14:43:56'),
(537, 111, 32, 17, NULL, '2017-12-01 14:43:56'),
(538, 111, 8, 19, NULL, '2017-12-01 14:43:56'),
(539, 111, 9, 22, NULL, '2017-12-01 14:43:56'),
(540, 111, 4, 6, NULL, '2017-12-01 14:43:56'),
(541, 111, 10, NULL, 'undefined', '2017-12-01 14:43:56'),
(542, 111, 11, NULL, '', '2017-12-01 14:43:56'),
(543, 112, 7, 13, NULL, '2017-12-01 14:58:57'),
(544, 112, 32, 17, NULL, '2017-12-01 14:58:57'),
(545, 112, 8, 19, NULL, '2017-12-01 14:58:57'),
(546, 112, 9, 22, NULL, '2017-12-01 14:58:57'),
(547, 112, 4, 6, NULL, '2017-12-01 14:58:57'),
(548, 112, 10, NULL, 'undefined', '2017-12-01 14:58:57'),
(549, 112, 11, NULL, '', '2017-12-01 14:58:57'),
(550, 113, 7, 12, NULL, '2017-12-01 15:05:20'),
(551, 113, 32, 17, NULL, '2017-12-01 15:05:20'),
(552, 113, 8, 19, NULL, '2017-12-01 15:05:20'),
(553, 113, 9, 22, NULL, '2017-12-01 15:05:20'),
(554, 113, 4, 6, NULL, '2017-12-01 15:05:20'),
(555, 113, 10, NULL, 'undefined', '2017-12-01 15:05:20'),
(556, 113, 11, NULL, '', '2017-12-01 15:05:20'),
(557, 114, 29, 74, NULL, '2017-12-01 15:27:50'),
(558, 114, 30, NULL, 'undefined', '2017-12-01 15:27:50'),
(559, 114, 31, NULL, '', '2017-12-01 15:27:50'),
(560, 115, 29, 74, NULL, '2017-12-01 15:28:06'),
(561, 115, 30, NULL, 'undefined', '2017-12-01 15:28:06'),
(562, 115, 31, NULL, '', '2017-12-01 15:28:06'),
(563, 116, 1, 1, NULL, '2017-12-01 20:01:37'),
(564, 116, 7, 12, NULL, '2017-12-01 20:01:37'),
(565, 116, 32, 15, NULL, '2017-12-01 20:01:37'),
(566, 116, 8, 18, NULL, '2017-12-01 20:01:37'),
(567, 116, 2, 3, NULL, '2017-12-01 20:01:37'),
(568, 116, 3, NULL, '85', '2017-12-01 20:01:37'),
(569, 116, 4, 5, NULL, '2017-12-01 20:01:37'),
(570, 116, 5, NULL, 'undefined', '2017-12-01 20:01:37'),
(571, 116, 6, NULL, 'Alexandre', '2017-12-01 20:01:37'),
(573, 117, 13, 24, NULL, '2017-12-01 20:01:37'),
(574, 117, 14, 25, NULL, '2017-12-01 20:01:37'),
(575, 117, 15, 27, NULL, '2017-12-01 20:01:37'),
(576, 117, 16, 29, NULL, '2017-12-01 20:01:37'),
(577, 117, 33, NULL, '855666', '2017-12-01 20:01:37'),
(578, 117, 17, 31, NULL, '2017-12-01 20:01:37'),
(579, 117, 18, 35, NULL, '2017-12-01 20:01:37'),
(580, 117, 20, 41, NULL, '2017-12-01 20:01:37'),
(581, 117, 21, 47, NULL, '2017-12-01 20:01:37'),
(582, 117, 25, 61, NULL, '2017-12-01 20:01:37'),
(583, 117, 27, NULL, 'undefined', '2017-12-01 20:01:37'),
(584, 117, 28, NULL, 'Hdjytr', '2017-12-01 20:01:37'),
(585, 118, 29, 74, NULL, '2017-12-20 17:46:39'),
(586, 118, 30, NULL, 'undefined', '2017-12-20 17:46:39'),
(587, 118, 31, NULL, '', '2017-12-20 17:46:39'),
(588, 119, 29, 74, NULL, '2017-12-20 17:46:39'),
(589, 119, 30, NULL, 'undefined', '2017-12-20 17:46:39'),
(590, 119, 31, NULL, '', '2017-12-20 17:46:39'),
(591, 120, 1, 1, NULL, '2018-01-13 15:52:22'),
(592, 120, 7, 11, NULL, '2018-01-13 15:52:22'),
(593, 120, 32, 17, NULL, '2018-01-13 15:52:22'),
(594, 120, 8, 19, NULL, '2018-01-13 15:52:22'),
(595, 120, 2, 3, NULL, '2018-01-13 15:52:22'),
(596, 120, 3, NULL, '23', '2018-01-13 15:52:22'),
(597, 120, 4, 5, NULL, '2018-01-13 15:52:22'),
(598, 120, 5, NULL, 'undefined', '2018-01-13 15:52:22'),
(599, 120, 6, NULL, 'Good', '2018-01-13 15:52:22'),
(600, 121, 7, 11, NULL, '2018-01-13 15:52:22'),
(601, 121, 32, 15, NULL, '2018-01-13 15:52:22'),
(602, 121, 39, 89, NULL, '2018-01-13 15:52:22'),
(603, 121, 8, 19, NULL, '2018-01-13 15:52:22'),
(604, 121, 9, 21, NULL, '2018-01-13 15:52:22'),
(605, 121, 2, 4, NULL, '2018-01-13 15:52:22'),
(606, 121, 3, NULL, '258', '2018-01-13 15:52:22'),
(607, 121, 4, 7, NULL, '2018-01-13 15:52:22'),
(608, 121, 10, NULL, 'undefined', '2018-01-13 15:52:22'),
(609, 121, 11, NULL, 'Bhr', '2018-01-13 15:52:22'),
(610, 122, 29, 76, NULL, '2018-01-13 15:52:22'),
(611, 122, 30, NULL, 'undefined', '2018-01-13 15:52:22'),
(612, 122, 31, NULL, '', '2018-01-13 15:52:22'),
(613, 123, 29, 68, NULL, '2018-01-13 15:52:22'),
(614, 123, 17, 33, NULL, '2018-01-13 15:52:22'),
(615, 123, 18, 34, NULL, '2018-01-13 15:52:22'),
(616, 123, 19, 36, NULL, '2018-01-13 15:52:23'),
(617, 123, 20, 44, NULL, '2018-01-13 15:52:23'),
(618, 123, 30, NULL, 'undefined', '2018-01-13 15:52:23'),
(619, 123, 31, NULL, '', '2018-01-13 15:52:23'),
(620, 124, 1, 1, NULL, '2018-01-15 15:57:25'),
(621, 124, 7, 12, NULL, '2018-01-15 15:57:25'),
(622, 124, 32, 15, NULL, '2018-01-15 15:57:25'),
(623, 124, 8, 18, NULL, '2018-01-15 15:57:25'),
(624, 124, 2, 4, NULL, '2018-01-15 15:57:25'),
(625, 124, 3, NULL, '15', '2018-01-15 15:57:25'),
(626, 124, 4, 5, NULL, '2018-01-15 15:57:25'),
(627, 124, 36, 83, NULL, '2018-01-15 15:57:25'),
(628, 125, 13, 23, NULL, '2018-02-14 05:07:45'),
(629, 125, 14, 26, NULL, '2018-02-14 05:07:45'),
(630, 125, 15, 28, NULL, '2018-02-14 05:07:45'),
(631, 125, 17, 30, NULL, '2018-02-14 05:07:45'),
(632, 125, 20, 41, NULL, '2018-02-14 05:07:45'),
(633, 125, 40, NULL, '20', '2018-02-14 05:07:45'),
(635, 125, 21, 46, NULL, '2018-02-14 05:07:45'),
(636, 125, 22, 49, NULL, '2018-02-14 05:07:45'),
(637, 125, 23, 52, NULL, '2018-02-14 05:07:45'),
(638, 125, 34, NULL, '10', '2018-02-14 05:07:45'),
(639, 125, 24, 57, NULL, '2018-02-14 05:07:45'),
(640, 125, 26, 66, NULL, '2018-02-14 05:07:45'),
(641, 125, 27, NULL, 'undefined', '2018-02-14 05:07:45'),
(642, 125, 28, NULL, 'Nothing', '2018-02-14 05:07:45'),
(643, 126, 1, 2, NULL, '2018-02-25 21:51:29'),
(644, 126, 2, 4, NULL, '2018-02-25 21:51:29'),
(645, 126, 3, NULL, '50', '2018-02-25 21:51:29'),
(646, 126, 4, 5, NULL, '2018-02-25 21:51:29'),
(647, 126, 5, NULL, 'undefined', '2018-02-25 21:51:29'),
(648, 126, 6, NULL, 'Hjgf', '2018-02-25 21:51:29'),
(649, 127, 29, 68, NULL, '2018-02-25 21:51:29'),
(650, 127, 17, 30, NULL, '2018-02-25 21:51:29'),
(651, 127, 18, 35, NULL, '2018-02-25 21:51:29'),
(652, 127, 19, 37, NULL, '2018-02-25 21:51:29'),
(653, 127, 20, 39, NULL, '2018-02-25 21:51:29'),
(654, 127, 30, NULL, 'undefined', '2018-02-25 21:51:29'),
(655, 127, 31, NULL, 'Good', '2018-02-25 21:51:29'),
(656, 128, 1, 1, NULL, '2018-02-25 21:51:30'),
(657, 128, 7, 11, NULL, '2018-02-25 21:51:30'),
(658, 128, 32, 17, NULL, '2018-02-25 21:51:30'),
(659, 128, 8, 19, NULL, '2018-02-25 21:51:30'),
(660, 128, 2, 3, NULL, '2018-02-25 21:51:30'),
(661, 128, 3, NULL, '25', '2018-02-25 21:51:30'),
(662, 128, 4, 6, NULL, '2018-02-25 21:51:30'),
(663, 128, 5, NULL, 'undefined', '2018-02-25 21:51:30'),
(664, 128, 6, NULL, 'May b', '2018-02-25 21:51:30'),
(665, 129, 13, 23, NULL, '2018-02-25 21:51:30'),
(666, 129, 14, 25, NULL, '2018-02-25 21:51:30'),
(667, 129, 15, 27, NULL, '2018-02-25 21:51:30'),
(668, 129, 16, 78, NULL, '2018-02-25 21:51:30'),
(669, 129, 33, NULL, '852', '2018-02-25 21:51:30'),
(670, 129, 17, 33, NULL, '2018-02-25 21:51:30'),
(671, 129, 20, 39, NULL, '2018-02-25 21:51:30'),
(672, 129, 40, NULL, '58', '2018-02-25 21:51:30'),
(674, 129, 21, 46, NULL, '2018-02-25 21:51:30'),
(675, 129, 22, 48, NULL, '2018-02-25 21:51:30'),
(676, 129, 23, 52, NULL, '2018-02-25 21:51:30'),
(677, 129, 34, NULL, '8855', '2018-02-25 21:51:30'),
(678, 129, 24, 58, NULL, '2018-02-25 21:51:30'),
(679, 129, 26, 67, NULL, '2018-02-25 21:51:30'),
(680, 129, 27, NULL, 'undefined', '2018-02-25 21:51:30'),
(681, 129, 28, NULL, 'Vgdd', '2018-02-25 21:51:30'),
(682, 130, 29, 75, NULL, '2018-02-25 21:51:30'),
(683, 130, 30, NULL, 'undefined', '2018-02-25 21:51:30'),
(684, 130, 31, NULL, 'Fg', '2018-02-25 21:51:30'),
(685, 131, 7, 12, NULL, '2018-02-25 21:51:30'),
(686, 131, 32, 15, NULL, '2018-02-25 21:51:30'),
(687, 131, 39, 91, NULL, '2018-02-25 21:51:30'),
(688, 131, 8, 18, NULL, '2018-02-25 21:51:30'),
(689, 131, 9, 21, NULL, '2018-02-25 21:51:30'),
(690, 131, 2, 4, NULL, '2018-02-25 21:51:30'),
(691, 131, 3, NULL, '25', '2018-02-25 21:51:30'),
(692, 131, 4, 8, NULL, '2018-02-25 21:51:30'),
(693, 131, 10, NULL, 'undefined', '2018-02-25 21:51:30'),
(694, 131, 11, NULL, '', '2018-02-25 21:51:30'),
(695, 132, 13, 24, NULL, '2018-02-25 21:51:30'),
(696, 132, 14, 26, NULL, '2018-02-25 21:51:30'),
(697, 132, 15, 27, NULL, '2018-02-25 21:51:30'),
(698, 132, 16, 78, NULL, '2018-02-25 21:51:30'),
(699, 132, 33, NULL, '52', '2018-02-25 21:51:30'),
(700, 132, 17, 33, NULL, '2018-02-25 21:51:30'),
(701, 132, 20, 40, NULL, '2018-02-25 21:51:30'),
(702, 132, 40, NULL, '25', '2018-02-25 21:51:30'),
(704, 132, 21, 47, NULL, '2018-02-25 21:51:30'),
(705, 132, 25, 60, NULL, '2018-02-25 21:51:30'),
(706, 132, 26, 67, NULL, '2018-02-25 21:51:30'),
(707, 132, 27, NULL, 'undefined', '2018-02-25 21:51:30'),
(708, 132, 28, NULL, 'Gg', '2018-02-25 21:51:30'),
(709, 133, 1, 2, NULL, '2018-02-25 21:51:34'),
(710, 133, 2, 4, NULL, '2018-02-25 21:51:34'),
(711, 133, 3, NULL, '50', '2018-02-25 21:51:34'),
(712, 133, 4, 5, NULL, '2018-02-25 21:51:34'),
(713, 133, 5, NULL, 'undefined', '2018-02-25 21:51:34'),
(714, 133, 6, NULL, 'Hjgf', '2018-02-25 21:51:34'),
(715, 134, 7, 12, NULL, '2018-03-20 15:53:27'),
(716, 134, 32, 15, NULL, '2018-03-20 15:53:28'),
(717, 134, 39, 90, NULL, '2018-03-20 15:53:28'),
(718, 134, 8, 19, NULL, '2018-03-20 15:53:28'),
(719, 134, 9, 22, NULL, '2018-03-20 15:53:28'),
(720, 134, 4, 9, NULL, '2018-03-20 15:53:28'),
(721, 134, 10, NULL, 'undefined', '2018-03-20 15:53:28'),
(722, 134, 11, NULL, '????', '2018-03-20 15:53:28'),
(723, 135, 29, 74, NULL, '2018-03-26 08:34:47'),
(724, 135, 30, NULL, 'undefined', '2018-03-26 08:34:48'),
(725, 135, 31, NULL, 'Observed the first time on the 03/02/2018', '2018-03-26 08:34:48'),
(726, 136, 29, 74, NULL, '2018-03-26 08:34:48'),
(727, 136, 30, NULL, 'undefined', '2018-03-26 08:34:48'),
(728, 136, 31, NULL, 'Observer the first time on the 03/02/2018', '2018-03-26 08:34:48'),
(729, 137, 29, 74, NULL, '2018-04-09 15:27:20'),
(730, 137, 30, NULL, 'undefined', '2018-04-09 15:27:20'),
(731, 137, 31, NULL, '', '2018-04-09 15:27:20'),
(732, 138, 7, 12, NULL, '2018-04-13 11:11:48'),
(733, 138, 32, 14, NULL, '2018-04-13 11:11:48'),
(734, 138, 39, 88, NULL, '2018-04-13 11:11:48'),
(735, 138, 8, 18, NULL, '2018-04-13 11:11:48'),
(736, 138, 9, 21, NULL, '2018-04-13 11:11:48'),
(737, 138, 2, 3, NULL, '2018-04-13 11:11:48'),
(738, 138, 3, NULL, '23', '2018-04-13 11:11:48'),
(739, 138, 4, 9, NULL, '2018-04-13 11:11:48'),
(740, 138, 10, NULL, 'undefined', '2018-04-13 11:11:48'),
(741, 138, 11, NULL, 'Dre', '2018-04-13 11:11:48'),
(742, 139, 1, 1, NULL, '2018-04-13 12:36:01'),
(743, 139, 7, 12, NULL, '2018-04-13 12:36:01'),
(744, 139, 32, 15, NULL, '2018-04-13 12:36:01'),
(745, 139, 8, 19, NULL, '2018-04-13 12:36:01'),
(746, 139, 2, 3, NULL, '2018-04-13 12:36:01'),
(747, 139, 3, NULL, '253', '2018-04-13 12:36:01'),
(748, 139, 4, 6, NULL, '2018-04-13 12:36:01'),
(749, 139, 5, NULL, 'undefined', '2018-04-13 12:36:01'),
(750, 139, 6, NULL, 'Good', '2018-04-13 12:36:01'),
(751, 140, 1, 2, NULL, '2018-04-13 12:36:01'),
(752, 140, 2, 4, NULL, '2018-04-13 12:36:01'),
(753, 140, 3, NULL, '25', '2018-04-13 12:36:01'),
(754, 140, 4, 9, NULL, '2018-04-13 12:36:01'),
(755, 140, 5, NULL, 'undefined', '2018-04-13 12:36:01'),
(756, 140, 6, NULL, '', '2018-04-13 12:36:01'),
(757, 141, 13, 24, NULL, '2018-04-13 12:36:01'),
(758, 141, 14, 25, NULL, '2018-04-13 12:36:01'),
(759, 141, 15, 28, NULL, '2018-04-13 12:36:01'),
(760, 141, 17, 33, NULL, '2018-04-13 12:36:01'),
(761, 141, 20, 43, NULL, '2018-04-13 12:36:01'),
(762, 141, 40, NULL, '25', '2018-04-13 12:36:01'),
(763, 141, 21, 46, NULL, '2018-04-13 12:36:01'),
(764, 141, 22, 49, NULL, '2018-04-13 12:36:01'),
(765, 141, 23, 53, NULL, '2018-04-13 12:36:01'),
(766, 141, 34, NULL, '256', '2018-04-13 12:36:01'),
(767, 141, 24, 58, NULL, '2018-04-13 12:36:01'),
(768, 141, 26, 66, NULL, '2018-04-13 12:36:01'),
(769, 141, 27, NULL, 'undefined', '2018-04-13 12:36:01'),
(770, 141, 28, NULL, '', '2018-04-13 12:36:01'),
(771, 142, 7, 13, NULL, '2018-04-16 06:10:40'),
(772, 142, 32, 16, NULL, '2018-04-16 06:10:40'),
(773, 142, 39, 88, NULL, '2018-04-16 06:10:40'),
(774, 142, 8, 19, NULL, '2018-04-16 06:10:40'),
(775, 142, 9, 22, NULL, '2018-04-16 06:10:40'),
(776, 142, 4, 9, NULL, '2018-04-16 06:10:40'),
(777, 142, 10, NULL, 'undefined', '2018-04-16 06:10:40'),
(778, 142, 11, NULL, 'Cool', '2018-04-16 06:10:40'),
(779, 143, 7, 13, NULL, '2018-04-16 09:47:19'),
(780, 143, 32, 16, NULL, '2018-04-16 09:47:20'),
(781, 143, 39, 88, NULL, '2018-04-16 09:47:20'),
(782, 143, 8, 19, NULL, '2018-04-16 09:47:20'),
(783, 143, 9, 22, NULL, '2018-04-16 09:47:20'),
(784, 143, 4, 9, NULL, '2018-04-16 09:47:20'),
(785, 143, 10, NULL, 'undefined', '2018-04-16 09:47:20'),
(786, 143, 11, NULL, 'Cool', '2018-04-16 09:47:20'),
(787, 144, 7, 13, NULL, '2018-04-16 09:47:20'),
(788, 144, 32, 16, NULL, '2018-04-16 09:47:20'),
(789, 144, 39, 91, NULL, '2018-04-16 09:47:20'),
(790, 144, 8, 18, NULL, '2018-04-16 09:47:20'),
(791, 144, 9, 21, NULL, '2018-04-16 09:47:20'),
(792, 144, 2, 3, NULL, '2018-04-16 09:47:20'),
(793, 144, 3, NULL, '25', '2018-04-16 09:47:20'),
(794, 144, 4, 5, NULL, '2018-04-16 09:47:20'),
(795, 144, 10, NULL, 'undefined', '2018-04-16 09:47:20'),
(796, 144, 11, NULL, 'Cook', '2018-04-16 09:47:20'),
(797, 145, 1, 1, NULL, '2018-04-27 05:37:36'),
(798, 145, 7, 12, NULL, '2018-04-27 05:37:36'),
(799, 145, 32, 15, NULL, '2018-04-27 05:37:36'),
(800, 145, 8, 19, NULL, '2018-04-27 05:37:36'),
(801, 145, 2, 4, NULL, '2018-04-27 05:37:36'),
(802, 145, 3, NULL, '23', '2018-04-27 05:37:36'),
(803, 145, 4, 6, NULL, '2018-04-27 05:37:36'),
(804, 145, 5, NULL, 'undefined', '2018-04-27 05:37:36'),
(805, 145, 6, NULL, 'Er', '2018-04-27 05:37:36'),
(806, 146, 13, 24, NULL, '2018-04-27 05:37:36'),
(807, 146, 14, 25, NULL, '2018-04-27 05:37:36'),
(808, 146, 15, 28, NULL, '2018-04-27 05:37:36'),
(809, 146, 17, 33, NULL, '2018-04-27 05:37:36'),
(810, 146, 20, 43, NULL, '2018-04-27 05:37:36'),
(811, 146, 40, NULL, '85', '2018-04-27 05:37:36'),
(812, 146, 21, 47, NULL, '2018-04-27 05:37:36'),
(813, 146, 25, 63, NULL, '2018-04-27 05:37:36'),
(814, 146, 27, NULL, 'undefined', '2018-04-27 05:37:36'),
(815, 146, 28, NULL, '', '2018-04-27 05:37:36'),
(816, 147, 1, 1, NULL, '2018-05-25 00:41:07'),
(817, 147, 7, 11, NULL, '2018-05-25 00:41:07'),
(818, 147, 32, 14, NULL, '2018-05-25 00:41:07'),
(819, 147, 8, 18, NULL, '2018-05-25 00:41:07'),
(820, 147, 2, 3, NULL, '2018-05-25 00:41:07'),
(821, 147, 3, NULL, '45', '2018-05-25 00:41:07'),
(822, 147, 4, 5, NULL, '2018-05-25 00:41:07'),
(823, 147, 5, NULL, 'undefined', '2018-05-25 00:41:07'),
(824, 147, 6, NULL, 'Ze', '2018-05-25 00:41:07'),
(825, 148, 29, 68, NULL, '2018-05-25 00:41:07'),
(826, 148, 17, 31, NULL, '2018-05-25 00:41:07'),
(827, 148, 18, 34, NULL, '2018-05-25 00:41:07'),
(828, 148, 19, 36, NULL, '2018-05-25 00:41:07'),
(829, 148, 20, 43, NULL, '2018-05-25 00:41:07'),
(830, 148, 30, NULL, 'undefined', '2018-05-25 00:41:07'),
(831, 148, 31, NULL, '', '2018-05-25 00:41:07'),
(832, 149, 7, 12, NULL, '2018-05-25 00:41:07'),
(833, 149, 32, 15, NULL, '2018-05-25 00:41:07'),
(834, 149, 39, 88, NULL, '2018-05-25 00:41:07'),
(835, 149, 8, 19, NULL, '2018-05-25 00:41:07'),
(836, 149, 9, 21, NULL, '2018-05-25 00:41:07'),
(837, 149, 2, 4, NULL, '2018-05-25 00:41:07'),
(838, 149, 3, NULL, '25', '2018-05-25 00:41:07'),
(839, 149, 4, 6, NULL, '2018-05-25 00:41:07'),
(840, 149, 10, NULL, 'undefined', '2018-05-25 00:41:07'),
(841, 149, 11, NULL, 'Hg', '2018-05-25 00:41:07'),
(842, 150, 1, 1, NULL, '2018-05-25 00:41:11'),
(843, 150, 7, 11, NULL, '2018-05-25 00:41:11'),
(844, 150, 32, 14, NULL, '2018-05-25 00:41:11'),
(845, 150, 8, 18, NULL, '2018-05-25 00:41:11'),
(846, 150, 2, 3, NULL, '2018-05-25 00:41:11'),
(847, 150, 3, NULL, '2', '2018-05-25 00:41:11'),
(848, 150, 4, 5, NULL, '2018-05-25 00:41:11'),
(849, 150, 5, NULL, 'undefined', '2018-05-25 00:41:11'),
(850, 150, 6, NULL, '', '2018-05-25 00:41:11'),
(851, 151, 13, 23, NULL, '2018-05-25 00:41:11'),
(852, 151, 14, 26, NULL, '2018-05-25 00:41:11'),
(853, 151, 15, 27, NULL, '2018-05-25 00:41:11'),
(854, 151, 16, 78, NULL, '2018-05-25 00:41:11'),
(855, 151, 33, NULL, '646', '2018-05-25 00:41:11'),
(856, 151, 17, 30, NULL, '2018-05-25 00:41:11'),
(857, 151, 20, 39, NULL, '2018-05-25 00:41:11'),
(858, 151, 40, NULL, '94', '2018-05-25 00:41:11'),
(859, 151, 21, 45, NULL, '2018-05-25 00:41:11'),
(860, 151, 22, 51, NULL, '2018-05-25 00:41:11'),
(861, 151, 23, 54, NULL, '2018-05-25 00:41:11'),
(862, 151, 34, NULL, '646', '2018-05-25 00:41:11'),
(863, 151, 24, 59, NULL, '2018-05-25 00:41:11'),
(864, 151, 26, 66, NULL, '2018-05-25 00:41:11'),
(865, 151, 27, NULL, 'undefined', '2018-05-25 00:41:11'),
(866, 151, 28, NULL, 'Yz', '2018-05-25 00:41:11'),
(867, 152, 1, 2, NULL, '2018-07-04 11:33:33'),
(868, 152, 2, 3, NULL, '2018-07-04 11:33:33'),
(869, 152, 3, NULL, '12', '2018-07-04 11:33:33'),
(870, 152, 4, 5, NULL, '2018-07-04 11:33:33'),
(871, 152, 5, NULL, 'undefined', '2018-07-04 11:33:33'),
(872, 152, 36, 84, NULL, '2018-07-04 11:33:33'),
(873, 152, 6, NULL, '', '2018-07-04 11:33:33'),
(874, 153, 7, 12, NULL, '2018-08-20 11:40:46'),
(875, 153, 32, 15, NULL, '2018-08-20 11:40:47'),
(876, 153, 39, 91, NULL, '2018-08-20 11:40:47'),
(877, 153, 8, 19, NULL, '2018-08-20 11:40:47'),
(878, 153, 9, 22, NULL, '2018-08-20 11:40:47'),
(879, 153, 4, 9, NULL, '2018-08-20 11:40:47'),
(880, 153, 10, NULL, 'undefined', '2018-08-20 11:40:47'),
(881, 153, 11, NULL, 'Dhgd', '2018-08-20 11:40:47'),
(882, 154, 13, 23, NULL, '2018-08-20 11:40:47'),
(883, 154, 14, 26, NULL, '2018-08-20 11:40:47'),
(884, 154, 15, 28, NULL, '2018-08-20 11:40:47'),
(885, 154, 17, 31, NULL, '2018-08-20 11:40:47'),
(886, 154, 18, 35, NULL, '2018-08-20 11:40:47'),
(887, 154, 20, 40, NULL, '2018-08-20 11:40:47'),
(888, 154, 40, NULL, '51', '2018-08-20 11:40:47'),
(889, 154, 21, 47, NULL, '2018-08-20 11:40:47'),
(890, 154, 25, 60, NULL, '2018-08-20 11:40:47'),
(891, 154, 26, 67, NULL, '2018-08-20 11:40:47'),
(892, 154, 27, NULL, 'undefined', '2018-08-20 11:40:47'),
(893, 154, 28, NULL, 'Dfh', '2018-08-20 11:40:47'),
(894, 155, 1, 1, NULL, '2018-10-20 13:50:11'),
(895, 155, 7, 12, NULL, '2018-10-20 13:50:11'),
(896, 155, 32, 15, NULL, '2018-10-20 13:50:12'),
(897, 155, 8, 19, NULL, '2018-10-20 13:50:12'),
(898, 155, 2, 3, NULL, '2018-10-20 13:50:12'),
(899, 155, 3, NULL, '25', '2018-10-20 13:50:12'),
(900, 155, 4, 7, NULL, '2018-10-20 13:50:12'),
(901, 155, 5, NULL, 'undefined', '2018-10-20 13:50:12'),
(902, 155, 6, NULL, 'Ye', '2018-10-20 13:50:12'),
(903, 156, 1, 1, NULL, '2018-10-20 13:50:14'),
(904, 156, 7, 11, NULL, '2018-10-20 13:50:14'),
(905, 156, 32, 14, NULL, '2018-10-20 13:50:14'),
(906, 156, 8, 18, NULL, '2018-10-20 13:50:14'),
(907, 156, 2, 3, NULL, '2018-10-20 13:50:14'),
(908, 156, 3, NULL, '25', '2018-10-20 13:50:14'),
(909, 156, 4, 5, NULL, '2018-10-20 13:50:14'),
(910, 156, 5, NULL, 'undefined', '2018-10-20 13:50:14'),
(911, 156, 6, NULL, 'Er4', '2018-10-20 13:50:14'),
(912, 157, 7, 12, NULL, '2018-10-22 14:19:06'),
(913, 157, 32, 15, NULL, '2018-10-22 14:19:06'),
(914, 157, 39, 91, NULL, '2018-10-22 14:19:06'),
(915, 157, 8, 18, NULL, '2018-10-22 14:19:06'),
(916, 157, 9, 21, NULL, '2018-10-22 14:19:06'),
(917, 157, 2, 4, NULL, '2018-10-22 14:19:07'),
(918, 157, 3, NULL, '30', '2018-10-22 14:19:07'),
(919, 157, 4, 9, NULL, '2018-10-22 14:19:07'),
(920, 157, 10, NULL, 'undefined', '2018-10-22 14:19:07'),
(921, 157, 11, NULL, 'Fheuhsjskk', '2018-10-22 14:19:07'),
(922, 158, 13, 24, NULL, '2018-10-22 14:19:08'),
(923, 158, 14, 25, NULL, '2018-10-22 14:19:08'),
(924, 158, 15, 28, NULL, '2018-10-22 14:19:08'),
(925, 158, 17, 33, NULL, '2018-10-22 14:19:08'),
(926, 158, 20, 44, NULL, '2018-10-22 14:19:08'),
(927, 158, 40, NULL, '23', '2018-10-22 14:19:08'),
(928, 158, 21, 47, NULL, '2018-10-22 14:19:08'),
(929, 158, 25, 63, NULL, '2018-10-22 14:19:08'),
(930, 158, 27, NULL, 'undefined', '2018-10-22 14:19:08'),
(931, 158, 28, NULL, 'Hdrhhee', '2018-10-22 14:19:08'),
(932, 159, 29, 68, NULL, '2018-10-22 15:06:38'),
(933, 159, 17, 32, NULL, '2018-10-22 15:06:38'),
(934, 159, 18, 34, NULL, '2018-10-22 15:06:38'),
(935, 159, 19, 37, NULL, '2018-10-22 15:06:38'),
(936, 159, 20, 41, NULL, '2018-10-22 15:06:38'),
(937, 159, 30, NULL, 'undefined', '2018-10-22 15:06:38'),
(938, 159, 31, NULL, 'Hhduue', '2018-10-22 15:06:38'),
(939, 160, 1, 1, NULL, '2018-10-22 15:06:41'),
(940, 160, 7, 12, NULL, '2018-10-22 15:06:41'),
(941, 160, 32, 15, NULL, '2018-10-22 15:06:41'),
(942, 160, 8, 19, NULL, '2018-10-22 15:06:41'),
(943, 160, 2, 3, NULL, '2018-10-22 15:06:41'),
(944, 160, 3, NULL, '52', '2018-10-22 15:06:41'),
(945, 160, 4, 5, NULL, '2018-10-22 15:06:41'),
(946, 160, 5, NULL, 'undefined', '2018-10-22 15:06:41'),
(947, 160, 6, NULL, 'Ggddf', '2018-10-22 15:06:41'),
(948, 161, 29, 74, NULL, '2018-10-22 15:06:41'),
(949, 161, 30, NULL, 'undefined', '2018-10-22 15:06:41'),
(950, 161, 31, NULL, 'Hhduw', '2018-10-22 15:06:41'),
(951, 162, 1, 2, NULL, '2018-10-22 15:06:41'),
(952, 162, 2, 4, NULL, '2018-10-22 15:06:41'),
(953, 162, 3, NULL, '23', '2018-10-22 15:06:41'),
(954, 162, 4, 10, NULL, '2018-10-22 15:06:41'),
(955, 162, 5, NULL, 'undefined', '2018-10-22 15:06:41'),
(956, 162, 6, NULL, 'Hehejeu', '2018-10-22 15:06:41'),
(957, 163, 29, 74, NULL, '2018-10-22 15:07:05'),
(958, 163, 30, NULL, 'undefined', '2018-10-22 15:07:05'),
(959, 163, 31, NULL, 'Hhduw', '2018-10-22 15:07:05'),
(960, 164, 1, 2, NULL, '2018-10-22 15:07:05'),
(961, 164, 2, 4, NULL, '2018-10-22 15:07:05'),
(962, 164, 3, NULL, '23', '2018-10-22 15:07:05'),
(963, 164, 4, 10, NULL, '2018-10-22 15:07:05'),
(964, 164, 5, NULL, 'undefined', '2018-10-22 15:07:05'),
(965, 164, 6, NULL, 'Hehejeu', '2018-10-22 15:07:05'),
(966, 165, 29, 74, NULL, '2018-11-04 12:10:49'),
(967, 165, 30, NULL, 'undefined', '2018-11-04 12:10:49'),
(968, 165, 31, NULL, 'Yrdgu', '2018-11-04 12:10:49'),
(969, 166, 13, 23, NULL, '2018-11-04 12:10:51'),
(970, 166, 14, 26, NULL, '2018-11-04 12:10:51'),
(971, 166, 15, 28, NULL, '2018-11-04 12:10:51'),
(972, 166, 17, 30, NULL, '2018-11-04 12:10:51'),
(973, 166, 20, 38, NULL, '2018-11-04 12:10:51'),
(974, 166, 40, NULL, '56', '2018-11-04 12:10:51'),
(975, 166, 21, 45, NULL, '2018-11-04 12:10:51'),
(976, 166, 22, 50, NULL, '2018-11-04 12:10:51'),
(977, 166, 23, 54, NULL, '2018-11-04 12:10:51'),
(978, 166, 34, NULL, '1', '2018-11-04 12:10:51'),
(979, 166, 24, 56, NULL, '2018-11-04 12:10:51'),
(980, 166, 26, 67, NULL, '2018-11-04 12:10:51'),
(981, 166, 27, NULL, 'undefined', '2018-11-04 12:10:51'),
(982, 166, 28, NULL, 'Gsdfy', '2018-11-04 12:10:51'),
(983, 167, 7, 12, NULL, '2018-11-07 14:24:42'),
(984, 167, 32, 15, NULL, '2018-11-07 14:24:42'),
(985, 167, 39, 88, NULL, '2018-11-07 14:24:42'),
(986, 167, 8, 19, NULL, '2018-11-07 14:24:42'),
(987, 167, 9, 22, NULL, '2018-11-07 14:24:42'),
(988, 167, 4, 5, NULL, '2018-11-07 14:24:42'),
(989, 167, 10, NULL, 'undefined', '2018-11-07 14:24:42'),
(990, 167, 11, NULL, 'Ok', '2018-11-07 14:24:42'),
(991, 168, 7, 13, NULL, '2018-11-13 09:37:30'),
(992, 168, 32, 15, NULL, '2018-11-13 09:37:30'),
(993, 168, 39, 90, NULL, '2018-11-13 09:37:30'),
(994, 168, 8, 19, NULL, '2018-11-13 09:37:30'),
(995, 168, 9, 22, NULL, '2018-11-13 09:37:30'),
(996, 168, 4, 10, NULL, '2018-11-13 09:37:30'),
(997, 168, 29, 68, NULL, '2018-11-13 09:37:30'),
(998, 168, 17, 33, NULL, '2018-11-13 09:37:30'),
(999, 168, 18, 35, NULL, '2018-11-13 09:37:30'),
(1000, 168, 19, 37, NULL, '2018-11-13 09:37:30'),
(1001, 168, 20, 44, NULL, '2018-11-13 09:37:30'),
(1002, 168, 29, 68, NULL, '2018-11-13 09:37:30'),
(1003, 168, 17, 33, NULL, '2018-11-13 09:37:30'),
(1004, 168, 18, 35, NULL, '2018-11-13 09:37:30'),
(1005, 168, 19, 37, NULL, '2018-11-13 09:37:30'),
(1006, 168, 20, 44, NULL, '2018-11-13 09:37:30'),
(1007, 168, 30, NULL, 'undefined', '2018-11-13 09:37:30'),
(1008, 168, 31, NULL, 'Etat de decomposition avancé, absence de tete', '2018-11-13 09:37:30'),
(1009, 169, 7, 13, NULL, '2018-11-13 09:37:34'),
(1010, 169, 32, 15, NULL, '2018-11-13 09:37:34'),
(1011, 169, 39, 90, NULL, '2018-11-13 09:37:34'),
(1012, 169, 8, 19, NULL, '2018-11-13 09:37:34'),
(1013, 169, 9, 22, NULL, '2018-11-13 09:37:34'),
(1014, 169, 4, 10, NULL, '2018-11-13 09:37:34'),
(1015, 169, 29, 68, NULL, '2018-11-13 09:37:34'),
(1016, 169, 17, 33, NULL, '2018-11-13 09:37:34'),
(1017, 169, 18, 35, NULL, '2018-11-13 09:37:34'),
(1018, 169, 19, 37, NULL, '2018-11-13 09:37:34'),
(1019, 169, 20, 44, NULL, '2018-11-13 09:37:34'),
(1020, 169, 29, 68, NULL, '2018-11-13 09:37:34'),
(1021, 169, 17, 33, NULL, '2018-11-13 09:37:34'),
(1022, 169, 18, 35, NULL, '2018-11-13 09:37:34'),
(1023, 169, 19, 37, NULL, '2018-11-13 09:37:34'),
(1024, 169, 20, 44, NULL, '2018-11-13 09:37:34'),
(1025, 169, 30, NULL, 'undefined', '2018-11-13 09:37:34'),
(1026, 169, 31, NULL, 'Etat de decomposition avancé, absence de tete', '2018-11-13 09:37:34'),
(1027, 170, 7, 11, NULL, '2018-12-05 08:50:12'),
(1028, 170, 32, 16, NULL, '2018-12-05 08:50:12'),
(1029, 170, 39, 91, NULL, '2018-12-05 08:50:12'),
(1030, 170, 8, 19, NULL, '2018-12-05 08:50:12'),
(1031, 170, 9, 21, NULL, '2018-12-05 08:50:12'),
(1032, 170, 2, 4, NULL, '2018-12-05 08:50:12'),
(1033, 170, 3, NULL, '10', '2018-12-05 08:50:13'),
(1034, 170, 4, 5, NULL, '2018-12-05 08:50:13'),
(1035, 170, 10, NULL, 'undefined', '2018-12-05 08:50:13'),
(1036, 170, 11, NULL, '', '2018-12-05 08:50:13'),
(1037, 171, 7, 11, NULL, '2018-12-07 06:29:46'),
(1038, 171, 32, 16, NULL, '2018-12-07 06:29:46'),
(1039, 171, 39, 91, NULL, '2018-12-07 06:29:46'),
(1040, 171, 8, 19, NULL, '2018-12-07 06:29:46'),
(1041, 171, 9, 21, NULL, '2018-12-07 06:29:46'),
(1042, 171, 2, 4, NULL, '2018-12-07 06:29:46'),
(1043, 171, 3, NULL, '5', '2018-12-07 06:29:46'),
(1044, 171, 4, 10, NULL, '2018-12-07 06:29:46'),
(1045, 171, 10, NULL, 'undefined', '2018-12-07 06:29:46'),
(1046, 171, 11, NULL, '', '2018-12-07 06:29:46'),
(1047, 172, 29, 68, NULL, '2018-12-18 06:11:45'),
(1048, 172, 17, 31, NULL, '2018-12-18 06:11:45'),
(1049, 172, 18, 34, NULL, '2018-12-18 06:11:45'),
(1050, 172, 19, 36, NULL, '2018-12-18 06:11:45'),
(1051, 172, 20, 42, NULL, '2018-12-18 06:11:45'),
(1052, 172, 30, NULL, 'undefined', '2018-12-18 06:11:45'),
(1053, 172, 31, NULL, 'Jeune  erethmochelys embricata', '2018-12-18 06:11:45'),
(1054, 173, 29, 68, NULL, '2018-12-18 06:11:52'),
(1055, 173, 17, 31, NULL, '2018-12-18 06:11:52'),
(1056, 173, 18, 34, NULL, '2018-12-18 06:11:52'),
(1057, 173, 19, 36, NULL, '2018-12-18 06:11:52'),
(1058, 173, 20, 42, NULL, '2018-12-18 06:11:52'),
(1059, 173, 30, NULL, 'undefined', '2018-12-18 06:11:52'),
(1060, 173, 31, NULL, 'Jeune  erethmochelys embricata', '2018-12-18 06:11:52'),
(1061, 174, 1, 2, NULL, '2019-10-20 11:33:28'),
(1062, 174, 2, 4, NULL, '2019-10-20 11:33:28'),
(1063, 174, 3, NULL, '22', '2019-10-20 11:33:28');
INSERT INTO `repondre` (`id`, `observation_id`, `question_id`, `reponse_id`, `reponseText`, `dateAdd`) VALUES
(1064, 174, 4, 7, NULL, '2019-10-20 11:33:28'),
(1065, 174, 5, NULL, 'undefined', '2019-10-20 11:33:28'),
(1066, 174, 6, NULL, 'Fehkdvgmyfnr', '2019-10-20 11:33:28'),
(1067, 175, 1, 2, NULL, '2019-10-20 11:33:45'),
(1068, 175, 2, 4, NULL, '2019-10-20 11:33:45'),
(1069, 175, 3, NULL, '22', '2019-10-20 11:33:45'),
(1070, 175, 4, 7, NULL, '2019-10-20 11:33:45'),
(1071, 175, 5, NULL, 'undefined', '2019-10-20 11:33:45'),
(1072, 175, 6, NULL, 'Fehkdvgmyfnr', '2019-10-20 11:33:45'),
(1073, 176, 1, 2, NULL, '2019-10-20 11:33:48'),
(1074, 176, 2, 4, NULL, '2019-10-20 11:33:48'),
(1075, 176, 3, NULL, '22', '2019-10-20 11:33:48'),
(1076, 176, 4, 7, NULL, '2019-10-20 11:33:48'),
(1077, 176, 5, NULL, 'undefined', '2019-10-20 11:33:48'),
(1078, 176, 6, NULL, 'Fehkdvgmyfnr', '2019-10-20 11:33:48'),
(1079, 177, 13, 23, NULL, '2019-10-26 00:16:53'),
(1080, 177, 14, 25, NULL, '2019-10-26 00:16:55'),
(1081, 177, 15, 28, NULL, '2019-10-26 00:16:55'),
(1082, 177, 17, 31, NULL, '2019-10-26 00:16:55'),
(1083, 177, 18, 35, NULL, '2019-10-26 00:16:55'),
(1084, 177, 20, 39, NULL, '2019-10-26 00:16:55'),
(1085, 177, 40, NULL, '25', '2019-10-26 00:16:55'),
(1086, 177, 21, 45, NULL, '2019-10-26 00:16:55'),
(1087, 177, 22, 51, NULL, '2019-10-26 00:16:55'),
(1088, 177, 23, 52, NULL, '2019-10-26 00:16:55'),
(1089, 177, 34, NULL, '5666', '2019-10-26 00:16:55'),
(1090, 177, 24, 58, NULL, '2019-10-26 00:16:55'),
(1091, 177, 26, 64, NULL, '2019-10-26 00:16:55'),
(1092, 177, 27, NULL, 'undefined', '2019-10-26 00:16:55'),
(1093, 177, 28, NULL, '', '2019-10-26 00:16:55'),
(1094, 178, 13, 23, NULL, '2019-10-31 19:47:13'),
(1095, 178, 14, 26, NULL, '2019-10-31 19:47:13'),
(1096, 178, 15, 28, NULL, '2019-10-31 19:47:13'),
(1097, 178, 17, 33, NULL, '2019-10-31 19:47:13'),
(1098, 178, 20, 39, NULL, '2019-10-31 19:47:13'),
(1099, 178, 40, NULL, '5', '2019-10-31 19:47:13'),
(1100, 178, 21, 46, NULL, '2019-10-31 19:47:13'),
(1101, 178, 22, 51, NULL, '2019-10-31 19:47:13'),
(1102, 178, 13, 23, NULL, '2019-10-31 19:47:13'),
(1103, 178, 14, 26, NULL, '2019-10-31 19:47:13'),
(1104, 178, 15, 28, NULL, '2019-10-31 19:47:13'),
(1105, 178, 17, 33, NULL, '2019-10-31 19:47:13'),
(1106, 178, 20, 39, NULL, '2019-10-31 19:47:13'),
(1107, 178, 40, NULL, '5', '2019-10-31 19:47:13'),
(1108, 178, 21, 46, NULL, '2019-10-31 19:47:13'),
(1109, 178, 22, 51, NULL, '2019-10-31 19:47:13'),
(1110, 178, 23, 52, NULL, '2019-10-31 19:47:13'),
(1111, 178, 34, NULL, '71', '2019-10-31 19:47:13'),
(1112, 178, 24, 56, NULL, '2019-10-31 19:47:13'),
(1113, 178, 26, 64, NULL, '2019-10-31 19:47:13'),
(1114, 178, 27, NULL, 'undefined', '2019-10-31 19:47:13'),
(1115, 178, 28, NULL, 'Hatchlings stuck in vegetation, likely confused by building lights', '2019-10-31 19:47:13'),
(1116, 179, 13, 23, NULL, '2019-10-31 19:47:13'),
(1117, 179, 14, 26, NULL, '2019-10-31 19:47:13'),
(1118, 179, 15, 28, NULL, '2019-10-31 19:47:13'),
(1119, 179, 17, 33, NULL, '2019-10-31 19:47:13'),
(1120, 179, 20, 39, NULL, '2019-10-31 19:47:13'),
(1121, 179, 40, NULL, '5', '2019-10-31 19:47:13'),
(1122, 179, 21, 46, NULL, '2019-10-31 19:47:13'),
(1123, 179, 22, 51, NULL, '2019-10-31 19:47:13'),
(1124, 179, 13, 23, NULL, '2019-10-31 19:47:13'),
(1125, 179, 14, 26, NULL, '2019-10-31 19:47:13'),
(1126, 179, 15, 28, NULL, '2019-10-31 19:47:13'),
(1127, 179, 17, 33, NULL, '2019-10-31 19:47:13'),
(1128, 179, 20, 39, NULL, '2019-10-31 19:47:13'),
(1129, 179, 40, NULL, '5', '2019-10-31 19:47:13'),
(1130, 179, 21, 46, NULL, '2019-10-31 19:47:13'),
(1131, 179, 22, 51, NULL, '2019-10-31 19:47:13'),
(1132, 179, 23, 52, NULL, '2019-10-31 19:47:13'),
(1133, 179, 34, NULL, '71', '2019-10-31 19:47:13'),
(1134, 179, 24, 56, NULL, '2019-10-31 19:47:13'),
(1135, 179, 26, 64, NULL, '2019-10-31 19:47:13'),
(1136, 179, 27, NULL, 'undefined', '2019-10-31 19:47:13'),
(1137, 179, 28, NULL, 'Hatchlings stuck in vegetation, likely confused by building lights', '2019-10-31 19:47:13'),
(1138, 180, 29, 74, NULL, '2019-11-01 11:28:26'),
(1139, 180, 30, NULL, 'undefined', '2019-11-01 11:28:26'),
(1140, 180, 31, NULL, 'Bv', '2019-11-01 11:28:26'),
(1141, 181, 13, 24, NULL, '2019-11-01 11:52:46'),
(1142, 181, 14, 26, NULL, '2019-11-01 11:52:46'),
(1143, 181, 15, 28, NULL, '2019-11-01 11:52:46'),
(1144, 181, 17, 31, NULL, '2019-11-01 11:52:46'),
(1145, 181, 18, 34, NULL, '2019-11-01 11:52:46'),
(1146, 181, 20, 39, NULL, '2019-11-01 11:52:46'),
(1147, 181, 40, NULL, '12', '2019-11-01 11:52:46'),
(1148, 181, 21, 46, NULL, '2019-11-01 11:52:46'),
(1149, 181, 22, NULL, NULL, '2019-11-01 11:52:46'),
(1150, 181, 23, 53, NULL, '2019-11-01 11:52:46'),
(1151, 181, 34, NULL, '23', '2019-11-01 11:52:46'),
(1152, 181, 24, 56, NULL, '2019-11-01 11:52:46'),
(1153, 181, 26, 67, NULL, '2019-11-01 11:52:46'),
(1154, 181, 27, NULL, 'undefined', '2019-11-01 11:52:46'),
(1155, 181, 28, NULL, 'Gr', '2019-11-01 11:52:46'),
(1156, 182, 7, 12, NULL, '2019-11-04 06:46:35'),
(1157, 182, 32, 15, NULL, '2019-11-04 06:46:35'),
(1158, 182, 39, 91, NULL, '2019-11-04 06:46:35'),
(1159, 182, 8, 18, NULL, '2019-11-04 06:46:35'),
(1160, 182, 9, 22, NULL, '2019-11-04 06:46:35'),
(1161, 182, 4, 6, NULL, '2019-11-04 06:46:35'),
(1162, 182, 7, 12, NULL, '2019-11-04 06:46:35'),
(1163, 182, 32, 15, NULL, '2019-11-04 06:46:35'),
(1164, 182, 39, 91, NULL, '2019-11-04 06:46:35'),
(1165, 182, 8, 18, NULL, '2019-11-04 06:46:35'),
(1166, 182, 9, 22, NULL, '2019-11-04 06:46:35'),
(1167, 182, 4, 6, NULL, '2019-11-04 06:46:35'),
(1168, 182, 10, NULL, 'undefined', '2019-11-04 06:46:35'),
(1169, 182, 11, NULL, 'Discovered by dogs', '2019-11-04 06:46:35'),
(1170, 183, 7, 12, NULL, '2019-11-04 06:46:36'),
(1171, 183, 32, 15, NULL, '2019-11-04 06:46:36'),
(1172, 183, 39, 91, NULL, '2019-11-04 06:46:36'),
(1173, 183, 8, 18, NULL, '2019-11-04 06:46:36'),
(1174, 183, 9, 22, NULL, '2019-11-04 06:46:36'),
(1175, 183, 4, 6, NULL, '2019-11-04 06:46:36'),
(1176, 183, 7, 12, NULL, '2019-11-04 06:46:36'),
(1177, 183, 32, 15, NULL, '2019-11-04 06:46:36'),
(1178, 183, 39, 91, NULL, '2019-11-04 06:46:36'),
(1179, 183, 8, 18, NULL, '2019-11-04 06:46:36'),
(1180, 183, 9, 22, NULL, '2019-11-04 06:46:36'),
(1181, 183, 4, 6, NULL, '2019-11-04 06:46:36'),
(1182, 183, 10, NULL, 'undefined', '2019-11-04 06:46:36'),
(1183, 183, 11, NULL, 'Discovered by dogs', '2019-11-04 06:46:36'),
(1184, 184, 7, 12, NULL, '2019-11-04 06:46:42'),
(1185, 184, 32, 15, NULL, '2019-11-04 06:46:42'),
(1186, 184, 39, 91, NULL, '2019-11-04 06:46:42'),
(1187, 184, 8, 18, NULL, '2019-11-04 06:46:42'),
(1188, 184, 9, 22, NULL, '2019-11-04 06:46:42'),
(1189, 184, 4, 6, NULL, '2019-11-04 06:46:42'),
(1190, 184, 7, 12, NULL, '2019-11-04 06:46:42'),
(1191, 184, 32, 15, NULL, '2019-11-04 06:46:42'),
(1192, 184, 39, 91, NULL, '2019-11-04 06:46:42'),
(1193, 184, 8, 18, NULL, '2019-11-04 06:46:42'),
(1194, 184, 9, 22, NULL, '2019-11-04 06:46:42'),
(1195, 184, 4, 6, NULL, '2019-11-04 06:46:42'),
(1196, 184, 10, NULL, 'undefined', '2019-11-04 06:46:42'),
(1197, 184, 11, NULL, 'Discovered by dogs', '2019-11-04 06:46:42'),
(1198, 185, 1, 1, NULL, '2019-11-04 17:55:51'),
(1199, 185, 7, 11, NULL, '2019-11-04 17:55:52'),
(1200, 185, 32, 17, NULL, '2019-11-04 17:55:52'),
(1201, 185, 8, 19, NULL, '2019-11-04 17:55:52'),
(1202, 185, 1, 2, NULL, '2019-11-04 17:55:52'),
(1203, 185, 2, 4, NULL, '2019-11-04 17:55:52'),
(1204, 185, 3, NULL, '26', '2019-11-04 17:55:52'),
(1205, 185, 4, 6, NULL, '2019-11-04 17:55:52'),
(1206, 185, 5, NULL, 'undefined', '2019-11-04 17:55:52'),
(1207, 185, 6, NULL, '', '2019-11-04 17:55:52'),
(1208, 186, 1, 1, NULL, '2019-11-04 17:55:52'),
(1209, 186, 7, 13, NULL, '2019-11-04 17:55:52'),
(1210, 186, 32, 16, NULL, '2019-11-04 17:55:52'),
(1211, 186, 8, 19, NULL, '2019-11-04 17:55:52'),
(1212, 186, 2, 4, NULL, '2019-11-04 17:55:52'),
(1213, 186, 3, NULL, '2', '2019-11-04 17:55:52'),
(1214, 186, 4, 10, NULL, '2019-11-04 17:55:52'),
(1215, 186, 5, NULL, 'undefined', '2019-11-04 17:55:52'),
(1216, 186, 6, NULL, '', '2019-11-04 17:55:52'),
(1217, 187, 1, 1, NULL, '2019-11-04 17:55:52'),
(1218, 187, 7, 11, NULL, '2019-11-04 17:55:52'),
(1219, 187, 32, 17, NULL, '2019-11-04 17:55:52'),
(1220, 187, 8, 19, NULL, '2019-11-04 17:55:52'),
(1221, 187, 1, 2, NULL, '2019-11-04 17:55:52'),
(1222, 187, 2, 4, NULL, '2019-11-04 17:55:52'),
(1223, 187, 3, NULL, '26', '2019-11-04 17:55:52'),
(1224, 187, 4, 6, NULL, '2019-11-04 17:55:52'),
(1225, 187, 5, NULL, 'undefined', '2019-11-04 17:55:52'),
(1226, 187, 6, NULL, '', '2019-11-04 17:55:52'),
(1227, 188, 1, 1, NULL, '2019-11-04 17:55:52'),
(1228, 188, 7, 13, NULL, '2019-11-04 17:55:52'),
(1229, 188, 32, 16, NULL, '2019-11-04 17:55:52'),
(1230, 188, 8, 19, NULL, '2019-11-04 17:55:52'),
(1231, 188, 2, 4, NULL, '2019-11-04 17:55:52'),
(1232, 188, 3, NULL, '2', '2019-11-04 17:55:52'),
(1233, 188, 4, 10, NULL, '2019-11-04 17:55:52'),
(1234, 188, 5, NULL, 'undefined', '2019-11-04 17:55:52'),
(1235, 188, 6, NULL, '', '2019-11-04 17:55:52'),
(1236, 189, 7, 11, NULL, '2019-11-07 06:50:39'),
(1237, 189, 32, 15, NULL, '2019-11-07 06:50:44'),
(1238, 189, 39, 90, NULL, '2019-11-07 06:50:44'),
(1239, 189, 8, 18, NULL, '2019-11-07 06:50:44'),
(1240, 189, 9, 21, NULL, '2019-11-07 06:50:44'),
(1241, 189, 2, 3, NULL, '2019-11-07 06:50:44'),
(1242, 189, 3, NULL, '30', '2019-11-07 06:50:44'),
(1243, 189, 4, 9, NULL, '2019-11-07 06:50:44'),
(1244, 189, 10, NULL, 'undefined', '2019-11-07 06:50:44'),
(1245, 189, 11, NULL, '', '2019-11-07 06:50:44'),
(1246, 190, 29, 74, NULL, '2019-11-08 10:06:09'),
(1247, 190, 30, NULL, 'undefined', '2019-11-08 10:06:09'),
(1248, 190, 31, NULL, '56', '2019-11-08 10:06:09'),
(1249, 191, 7, 11, NULL, '2019-11-08 10:09:03'),
(1250, 191, 32, 16, NULL, '2019-11-08 10:09:03'),
(1251, 191, 39, 90, NULL, '2019-11-08 10:09:03'),
(1252, 191, 8, 19, NULL, '2019-11-08 10:09:03'),
(1253, 191, 9, 21, NULL, '2019-11-08 10:09:03'),
(1254, 191, 2, 4, NULL, '2019-11-08 10:09:03'),
(1255, 191, 3, NULL, '60', '2019-11-08 10:09:03'),
(1256, 191, 4, 5, NULL, '2019-11-08 10:09:03'),
(1257, 191, 7, 11, NULL, '2019-11-08 10:09:03'),
(1258, 191, 32, 16, NULL, '2019-11-08 10:09:03'),
(1259, 191, 39, 90, NULL, '2019-11-08 10:09:03'),
(1260, 191, 8, 19, NULL, '2019-11-08 10:09:03'),
(1261, 191, 9, 21, NULL, '2019-11-08 10:09:03'),
(1262, 191, 2, 4, NULL, '2019-11-08 10:09:03'),
(1263, 191, 3, NULL, '60', '2019-11-08 10:09:03'),
(1264, 191, 4, 5, NULL, '2019-11-08 10:09:03'),
(1265, 191, 10, NULL, 'undefined', '2019-11-08 10:09:03'),
(1266, 191, 11, NULL, '', '2019-11-08 10:09:03'),
(1267, 192, 7, 11, NULL, '2019-11-08 10:09:06'),
(1268, 192, 32, 16, NULL, '2019-11-08 10:09:06'),
(1269, 192, 39, 89, NULL, '2019-11-08 10:09:06'),
(1270, 192, 8, 19, NULL, '2019-11-08 10:09:06'),
(1271, 192, 9, 21, NULL, '2019-11-08 10:09:06'),
(1272, 192, 2, 4, NULL, '2019-11-08 10:09:06'),
(1273, 192, 3, NULL, '60', '2019-11-08 10:09:06'),
(1274, 192, 4, 5, NULL, '2019-11-08 10:09:06'),
(1275, 192, 10, NULL, 'undefined', '2019-11-08 10:09:06'),
(1276, 192, 11, NULL, '', '2019-11-08 10:09:06'),
(1277, 193, 7, 11, NULL, '2019-11-08 10:09:39'),
(1278, 193, 32, 16, NULL, '2019-11-08 10:09:39'),
(1279, 193, 39, 90, NULL, '2019-11-08 10:09:39'),
(1280, 193, 8, 19, NULL, '2019-11-08 10:09:39'),
(1281, 193, 9, 21, NULL, '2019-11-08 10:09:39'),
(1282, 193, 2, 4, NULL, '2019-11-08 10:09:39'),
(1283, 193, 3, NULL, '60', '2019-11-08 10:09:39'),
(1284, 193, 4, 5, NULL, '2019-11-08 10:09:39'),
(1285, 193, 7, 11, NULL, '2019-11-08 10:09:39'),
(1286, 193, 32, 16, NULL, '2019-11-08 10:09:39'),
(1287, 193, 39, 90, NULL, '2019-11-08 10:09:39'),
(1288, 193, 8, 19, NULL, '2019-11-08 10:09:39'),
(1289, 193, 9, 21, NULL, '2019-11-08 10:09:39'),
(1290, 193, 2, 4, NULL, '2019-11-08 10:09:39'),
(1291, 193, 3, NULL, '60', '2019-11-08 10:09:39'),
(1292, 193, 4, 5, NULL, '2019-11-08 10:09:39'),
(1293, 193, 10, NULL, 'undefined', '2019-11-08 10:09:39'),
(1294, 193, 11, NULL, '', '2019-11-08 10:09:39'),
(1295, 194, 7, 11, NULL, '2019-11-08 10:09:40'),
(1296, 194, 32, 16, NULL, '2019-11-08 10:09:40'),
(1297, 194, 39, 89, NULL, '2019-11-08 10:09:40'),
(1298, 194, 8, 19, NULL, '2019-11-08 10:09:40'),
(1299, 194, 9, 21, NULL, '2019-11-08 10:09:40'),
(1300, 194, 2, 4, NULL, '2019-11-08 10:09:40'),
(1301, 194, 3, NULL, '60', '2019-11-08 10:09:40'),
(1302, 194, 4, 5, NULL, '2019-11-08 10:09:40'),
(1303, 194, 10, NULL, 'undefined', '2019-11-08 10:09:40'),
(1304, 194, 11, NULL, '', '2019-11-08 10:09:40'),
(1305, 195, 29, 68, NULL, '2019-11-29 06:15:07'),
(1306, 195, 17, 31, NULL, '2019-11-29 06:15:07'),
(1307, 195, 18, 35, NULL, '2019-11-29 06:15:08'),
(1308, 195, 19, 36, NULL, '2019-11-29 06:15:08'),
(1309, 195, 20, 41, NULL, '2019-11-29 06:15:08'),
(1310, 195, 30, NULL, 'undefined', '2019-11-29 06:15:08'),
(1311, 195, 31, NULL, '', '2019-11-29 06:15:08'),
(1312, 196, 7, 11, NULL, '2019-12-05 06:21:20'),
(1313, 196, 32, 15, NULL, '2019-12-05 06:21:20'),
(1314, 196, 39, 90, NULL, '2019-12-05 06:21:20'),
(1315, 196, 8, 19, NULL, '2019-12-05 06:21:20'),
(1316, 196, 9, 22, NULL, '2019-12-05 06:21:20'),
(1317, 196, 4, 10, NULL, '2019-12-05 06:21:20'),
(1318, 196, 10, NULL, 'undefined', '2019-12-05 06:21:20'),
(1319, 196, 11, NULL, '', '2019-12-05 06:21:20'),
(1320, 197, 7, 11, NULL, '2019-12-05 06:21:24'),
(1321, 197, 32, 15, NULL, '2019-12-05 06:21:24'),
(1322, 197, 39, 90, NULL, '2019-12-05 06:21:24'),
(1323, 197, 8, 19, NULL, '2019-12-05 06:21:24'),
(1324, 197, 9, 22, NULL, '2019-12-05 06:21:24'),
(1325, 197, 4, 10, NULL, '2019-12-05 06:21:24'),
(1326, 197, 10, NULL, 'undefined', '2019-12-05 06:21:24'),
(1327, 197, 11, NULL, '', '2019-12-05 06:21:24'),
(1328, 198, 7, 11, NULL, '2019-12-05 06:21:30'),
(1329, 198, 32, 15, NULL, '2019-12-05 06:21:30'),
(1330, 198, 39, 90, NULL, '2019-12-05 06:21:30'),
(1331, 198, 8, 19, NULL, '2019-12-05 06:21:30'),
(1332, 198, 9, 22, NULL, '2019-12-05 06:21:30'),
(1333, 198, 4, 10, NULL, '2019-12-05 06:21:30'),
(1334, 198, 10, NULL, 'undefined', '2019-12-05 06:21:30'),
(1335, 198, 11, NULL, '', '2019-12-05 06:21:30'),
(1336, 199, 13, 24, NULL, '2020-01-06 06:59:44'),
(1337, 199, 14, 25, NULL, '2020-01-06 06:59:44'),
(1338, 199, 15, 28, NULL, '2020-01-06 06:59:44'),
(1339, 199, 17, 33, NULL, '2020-01-06 06:59:44'),
(1340, 199, 20, 44, NULL, '2020-01-06 06:59:44'),
(1341, 199, 40, NULL, '30', '2020-01-06 06:59:44'),
(1342, 199, 21, 45, NULL, '2020-01-06 06:59:44'),
(1343, 199, 22, 50, NULL, '2020-01-06 06:59:44'),
(1344, 199, 23, 54, NULL, '2020-01-06 06:59:44'),
(1345, 199, 34, NULL, '0', '2020-01-06 06:59:44'),
(1346, 199, 24, 56, NULL, '2020-01-06 06:59:44'),
(1347, 199, 26, 64, NULL, '2020-01-06 06:59:44'),
(1348, 199, 27, NULL, 'undefined', '2020-01-06 06:59:44'),
(1349, 199, 28, NULL, 'Venu pondre mais echec de la ponte', '2020-01-06 06:59:44'),
(1350, 200, 7, 12, NULL, '2020-01-06 06:59:44'),
(1351, 200, 32, 16, NULL, '2020-01-06 06:59:44'),
(1352, 200, 39, 90, NULL, '2020-01-06 06:59:44'),
(1353, 200, 8, 19, NULL, '2020-01-06 06:59:44'),
(1354, 200, 9, 22, NULL, '2020-01-06 06:59:44'),
(1355, 200, 4, 10, NULL, '2020-01-06 06:59:44'),
(1356, 200, 10, NULL, 'undefined', '2020-01-06 06:59:44'),
(1357, 200, 11, NULL, 'Nest without eggs', '2020-01-06 06:59:44'),
(1358, 201, 13, 24, NULL, '2020-01-06 06:59:47'),
(1359, 201, 14, 25, NULL, '2020-01-06 06:59:47'),
(1360, 201, 15, 28, NULL, '2020-01-06 06:59:47'),
(1361, 201, 17, 33, NULL, '2020-01-06 06:59:47'),
(1362, 201, 20, 44, NULL, '2020-01-06 06:59:47'),
(1363, 201, 40, NULL, '30', '2020-01-06 06:59:47'),
(1364, 201, 21, 45, NULL, '2020-01-06 06:59:47'),
(1365, 201, 22, 50, NULL, '2020-01-06 06:59:47'),
(1366, 201, 23, 54, NULL, '2020-01-06 06:59:47'),
(1367, 201, 34, NULL, '0', '2020-01-06 06:59:47'),
(1368, 201, 24, 56, NULL, '2020-01-06 06:59:47'),
(1369, 201, 26, 64, NULL, '2020-01-06 06:59:47'),
(1370, 201, 27, NULL, 'undefined', '2020-01-06 06:59:47'),
(1371, 201, 28, NULL, 'Venu pondre mais echec de la ponte', '2020-01-06 06:59:47'),
(1372, 202, 7, 12, NULL, '2020-01-06 06:59:58'),
(1373, 202, 32, 16, NULL, '2020-01-06 06:59:58'),
(1374, 202, 39, 90, NULL, '2020-01-06 06:59:58'),
(1375, 202, 8, 19, NULL, '2020-01-06 06:59:58'),
(1376, 202, 9, 22, NULL, '2020-01-06 06:59:58'),
(1377, 202, 4, 10, NULL, '2020-01-06 06:59:58'),
(1378, 202, 10, NULL, 'undefined', '2020-01-06 06:59:58'),
(1379, 202, 11, NULL, 'Nest without eggs', '2020-01-06 06:59:58'),
(1380, 203, 13, 24, NULL, '2020-01-06 07:00:28'),
(1381, 203, 14, 26, NULL, '2020-01-06 07:00:28'),
(1382, 203, 15, 28, NULL, '2020-01-06 07:00:28'),
(1383, 203, 17, 33, NULL, '2020-01-06 07:00:28'),
(1384, 203, 20, 44, NULL, '2020-01-06 07:00:28'),
(1385, 203, 40, NULL, '30', '2020-01-06 07:00:28'),
(1386, 203, 21, 45, NULL, '2020-01-06 07:00:28'),
(1387, 203, 22, 50, NULL, '2020-01-06 07:00:28'),
(1388, 203, 23, 54, NULL, '2020-01-06 07:00:28'),
(1389, 203, 34, NULL, '0', '2020-01-06 07:00:28'),
(1390, 203, 24, 56, NULL, '2020-01-06 07:00:28'),
(1391, 203, 26, 64, NULL, '2020-01-06 07:00:28'),
(1392, 203, 27, NULL, 'undefined', '2020-01-06 07:00:28'),
(1393, 203, 28, NULL, '', '2020-01-06 07:00:28'),
(1394, 204, 1, 1, NULL, '2020-01-07 06:06:14'),
(1395, 204, 7, 11, NULL, '2020-01-07 06:06:14'),
(1396, 204, 32, 17, NULL, '2020-01-07 06:06:14'),
(1397, 204, 8, 19, NULL, '2020-01-07 06:06:14'),
(1398, 204, 2, 4, NULL, '2020-01-07 06:06:14'),
(1399, 204, 3, NULL, '30', '2020-01-07 06:06:14'),
(1400, 204, 4, 5, NULL, '2020-01-07 06:06:14'),
(1401, 204, 5, NULL, 'undefined', '2020-01-07 06:06:14'),
(1402, 204, 6, NULL, '', '2020-01-07 06:06:14'),
(1403, 205, 13, 24, NULL, '2020-01-07 06:06:14'),
(1404, 205, 14, 25, NULL, '2020-01-07 06:06:14'),
(1405, 205, 15, 28, NULL, '2020-01-07 06:06:14'),
(1406, 205, 17, 32, NULL, '2020-01-07 06:06:14'),
(1407, 205, 19, 37, NULL, '2020-01-07 06:06:14'),
(1408, 205, 20, 39, NULL, '2020-01-07 06:06:14'),
(1409, 205, 40, NULL, '67', '2020-01-07 06:06:14'),
(1410, 205, 21, 45, NULL, '2020-01-07 06:06:14'),
(1411, 205, 22, 50, NULL, '2020-01-07 06:06:14'),
(1412, 205, 23, 54, NULL, '2020-01-07 06:06:14'),
(1413, 205, 34, NULL, '1', '2020-01-07 06:06:14'),
(1414, 205, 24, 56, NULL, '2020-01-07 06:06:14'),
(1415, 205, 26, 65, NULL, '2020-01-07 06:06:14'),
(1416, 205, 13, 24, NULL, '2020-01-07 06:06:14'),
(1417, 205, 14, 26, NULL, '2020-01-07 06:06:14'),
(1418, 205, 15, 28, NULL, '2020-01-07 06:06:14'),
(1419, 205, 17, 32, NULL, '2020-01-07 06:06:14'),
(1420, 205, 19, 37, NULL, '2020-01-07 06:06:14'),
(1421, 205, 20, 39, NULL, '2020-01-07 06:06:14'),
(1422, 205, 40, NULL, '67', '2020-01-07 06:06:14'),
(1423, 205, 21, 45, NULL, '2020-01-07 06:06:14'),
(1424, 205, 22, 50, NULL, '2020-01-07 06:06:14'),
(1425, 205, 23, 54, NULL, '2020-01-07 06:06:14'),
(1426, 205, 34, NULL, '1', '2020-01-07 06:06:14'),
(1427, 205, 24, 56, NULL, '2020-01-07 06:06:14'),
(1428, 205, 26, 65, NULL, '2020-01-07 06:06:14'),
(1429, 205, 27, NULL, 'undefined', '2020-01-07 06:06:14'),
(1430, 205, 28, NULL, '', '2020-01-07 06:06:14'),
(1431, 206, 1, 1, NULL, '2020-01-07 06:06:15'),
(1432, 206, 7, 11, NULL, '2020-01-07 06:06:15'),
(1433, 206, 32, 17, NULL, '2020-01-07 06:06:15'),
(1434, 206, 8, 19, NULL, '2020-01-07 06:06:15'),
(1435, 206, 2, 4, NULL, '2020-01-07 06:06:15'),
(1436, 206, 3, NULL, '30', '2020-01-07 06:06:15'),
(1437, 206, 4, 5, NULL, '2020-01-07 06:06:15'),
(1438, 206, 5, NULL, 'undefined', '2020-01-07 06:06:15'),
(1439, 206, 6, NULL, '', '2020-01-07 06:06:15'),
(1440, 207, 13, 24, NULL, '2020-01-07 06:06:15'),
(1441, 207, 14, 25, NULL, '2020-01-07 06:06:15'),
(1442, 207, 15, 28, NULL, '2020-01-07 06:06:15'),
(1443, 207, 17, 32, NULL, '2020-01-07 06:06:15'),
(1444, 207, 19, 37, NULL, '2020-01-07 06:06:15'),
(1445, 207, 20, 39, NULL, '2020-01-07 06:06:15'),
(1446, 207, 40, NULL, '67', '2020-01-07 06:06:15'),
(1447, 207, 21, 45, NULL, '2020-01-07 06:06:15'),
(1448, 207, 22, 50, NULL, '2020-01-07 06:06:15'),
(1449, 207, 23, 54, NULL, '2020-01-07 06:06:15'),
(1450, 207, 34, NULL, '1', '2020-01-07 06:06:15'),
(1451, 207, 24, 56, NULL, '2020-01-07 06:06:15'),
(1452, 207, 26, 65, NULL, '2020-01-07 06:06:15'),
(1453, 207, 13, 24, NULL, '2020-01-07 06:06:15'),
(1454, 207, 14, 26, NULL, '2020-01-07 06:06:15'),
(1455, 207, 15, 28, NULL, '2020-01-07 06:06:15'),
(1456, 207, 17, 32, NULL, '2020-01-07 06:06:15'),
(1457, 207, 19, 37, NULL, '2020-01-07 06:06:15'),
(1458, 207, 20, 39, NULL, '2020-01-07 06:06:15'),
(1459, 207, 40, NULL, '67', '2020-01-07 06:06:15'),
(1460, 207, 21, 45, NULL, '2020-01-07 06:06:15'),
(1461, 207, 22, 50, NULL, '2020-01-07 06:06:15'),
(1462, 207, 23, 54, NULL, '2020-01-07 06:06:15'),
(1463, 207, 34, NULL, '1', '2020-01-07 06:06:15'),
(1464, 207, 24, 56, NULL, '2020-01-07 06:06:15'),
(1465, 207, 26, 65, NULL, '2020-01-07 06:06:15'),
(1466, 207, 27, NULL, 'undefined', '2020-01-07 06:06:15'),
(1467, 207, 28, NULL, '', '2020-01-07 06:06:15'),
(1468, 208, 13, 24, NULL, '2020-01-14 07:04:09'),
(1469, 208, 14, 26, NULL, '2020-01-14 07:04:10'),
(1470, 208, 15, 28, NULL, '2020-01-14 07:04:10'),
(1471, 208, 17, 30, NULL, '2020-01-14 07:04:10'),
(1472, 208, 20, 38, NULL, '2020-01-14 07:04:10'),
(1473, 208, 40, NULL, '100', '2020-01-14 07:04:10'),
(1474, 208, 21, 45, NULL, '2020-01-14 07:04:10'),
(1475, 208, 22, 50, NULL, '2020-01-14 07:04:10'),
(1476, 208, 23, 52, NULL, '2020-01-14 07:04:10'),
(1477, 208, 34, NULL, '1', '2020-01-14 07:04:10'),
(1478, 208, 24, 56, NULL, '2020-01-14 07:04:10'),
(1479, 208, 26, 64, NULL, '2020-01-14 07:04:10'),
(1480, 208, 27, NULL, 'undefined', '2020-01-14 07:04:10'),
(1481, 208, 28, NULL, '', '2020-01-14 07:04:10'),
(1482, 209, 1, 1, NULL, '2020-01-24 08:24:01'),
(1483, 209, 7, 11, NULL, '2020-01-24 08:24:01'),
(1484, 209, 32, 16, NULL, '2020-01-24 08:24:01'),
(1485, 209, 8, 19, NULL, '2020-01-24 08:24:01'),
(1486, 209, 2, 3, NULL, '2020-01-24 08:24:01'),
(1487, 209, 3, NULL, '3', '2020-01-24 08:24:01'),
(1488, 209, 4, 5, NULL, '2020-01-24 08:24:01'),
(1489, 209, 5, NULL, 'undefined', '2020-01-24 08:24:01'),
(1490, 209, 6, NULL, '', '2020-01-24 08:24:01'),
(1491, 210, 1, 1, NULL, '2020-01-24 08:24:02'),
(1492, 210, 7, 11, NULL, '2020-01-24 08:24:02'),
(1493, 210, 32, 16, NULL, '2020-01-24 08:24:02'),
(1494, 210, 8, 19, NULL, '2020-01-24 08:24:02'),
(1495, 210, 2, 3, NULL, '2020-01-24 08:24:02'),
(1496, 210, 3, NULL, '3', '2020-01-24 08:24:02'),
(1497, 210, 4, 5, NULL, '2020-01-24 08:24:02'),
(1498, 210, 5, NULL, 'undefined', '2020-01-24 08:24:02'),
(1499, 210, 6, NULL, '', '2020-01-24 08:24:02'),
(1500, 211, 1, 1, NULL, '2020-01-24 08:24:02'),
(1501, 211, 7, 11, NULL, '2020-01-24 08:24:02'),
(1502, 211, 32, 16, NULL, '2020-01-24 08:24:02'),
(1503, 211, 8, 19, NULL, '2020-01-24 08:24:02'),
(1504, 211, 2, 3, NULL, '2020-01-24 08:24:02'),
(1505, 211, 3, NULL, '3', '2020-01-24 08:24:02'),
(1506, 211, 4, 5, NULL, '2020-01-24 08:24:02'),
(1507, 211, 5, NULL, 'undefined', '2020-01-24 08:24:02'),
(1508, 211, 6, NULL, '', '2020-01-24 08:24:02'),
(1509, 212, 13, 24, NULL, '2020-10-27 05:04:15'),
(1510, 212, 14, 26, NULL, '2020-10-27 05:04:15'),
(1511, 212, 15, 28, NULL, '2020-10-27 05:04:15'),
(1512, 212, 17, 32, NULL, '2020-10-27 05:04:15'),
(1513, 212, 19, 37, NULL, '2020-10-27 05:04:15'),
(1514, 212, 20, 41, NULL, '2020-10-27 05:04:15'),
(1515, 212, 40, NULL, '59', '2020-10-27 05:04:15'),
(1516, 212, 21, 46, NULL, '2020-10-27 05:04:15'),
(1517, 212, 22, 51, NULL, '2020-10-27 05:04:15'),
(1518, 212, 23, 53, NULL, '2020-10-27 05:04:15'),
(1519, 212, 34, NULL, '1', '2020-10-27 05:04:15'),
(1520, 212, 24, 56, NULL, '2020-10-27 05:04:15'),
(1521, 212, 26, 65, NULL, '2020-10-27 05:04:15'),
(1522, 213, 7, 12, NULL, '2020-10-27 05:13:53'),
(1523, 213, 32, 14, NULL, '2020-10-27 05:13:53'),
(1524, 213, 39, 89, NULL, '2020-10-27 05:13:53'),
(1525, 213, 8, 19, NULL, '2020-10-27 05:13:53'),
(1526, 213, 9, 21, NULL, '2020-10-27 05:13:53'),
(1527, 213, 2, 3, NULL, '2020-10-27 05:13:53'),
(1528, 213, 3, NULL, '28', '2020-10-27 05:13:53'),
(1529, 213, 4, 6, NULL, '2020-10-27 05:13:53'),
(1530, 214, 13, 23, NULL, '2020-10-27 05:13:53'),
(1531, 214, 14, 26, NULL, '2020-10-27 05:13:53'),
(1532, 214, 15, 28, NULL, '2020-10-27 05:13:53'),
(1533, 214, 17, 32, NULL, '2020-10-27 05:13:53'),
(1534, 214, 19, 37, NULL, '2020-10-27 05:13:53'),
(1535, 214, 20, 41, NULL, '2020-10-27 05:13:53'),
(1536, 214, 40, NULL, '57', '2020-10-27 05:13:53'),
(1537, 214, 21, 47, NULL, '2020-10-27 05:13:53'),
(1538, 214, 25, 60, NULL, '2020-10-27 05:13:53'),
(1539, 214, 26, 65, NULL, '2020-10-27 05:13:53'),
(1540, 215, 13, 24, NULL, '2020-10-27 05:18:17'),
(1541, 215, 14, 26, NULL, '2020-10-27 05:18:17'),
(1542, 215, 15, 28, NULL, '2020-10-27 05:18:17'),
(1543, 215, 17, 32, NULL, '2020-10-27 05:18:17'),
(1544, 215, 19, 37, NULL, '2020-10-27 05:18:17'),
(1545, 215, 20, 41, NULL, '2020-10-27 05:18:17'),
(1546, 215, 40, NULL, '61', '2020-10-27 05:18:17'),
(1547, 215, 21, 46, NULL, '2020-10-27 05:18:17'),
(1548, 215, 22, 51, NULL, '2020-10-27 05:18:17'),
(1549, 215, 23, 53, NULL, '2020-10-27 05:18:17'),
(1550, 215, 34, NULL, '12', '2020-10-27 05:18:17'),
(1551, 215, 24, 56, NULL, '2020-10-27 05:18:17'),
(1552, 215, 26, 65, NULL, '2020-10-27 05:18:17'),
(1553, 216, 13, 24, NULL, '2021-01-18 21:41:34'),
(1554, 216, 14, 25, NULL, '2021-01-18 21:41:34'),
(1555, 216, 15, 28, NULL, '2021-01-18 21:41:34'),
(1556, 216, 17, 33, NULL, '2021-01-18 21:41:34'),
(1557, 216, 20, 39, NULL, '2021-01-18 21:41:34'),
(1558, 216, 40, NULL, '23', '2021-01-18 21:41:34'),
(1559, 216, 21, 47, NULL, '2021-01-18 21:41:34'),
(1560, 216, 25, 63, NULL, '2021-01-18 21:41:34'),
(1561, 216, 27, NULL, 'undefined', '2021-01-18 21:41:34'),
(1562, 216, 28, NULL, 'Vhh', '2021-01-18 21:41:34');

-- --------------------------------------------------------

--
-- Structure de la table `reponse`
--

CREATE TABLE `reponse` (
  `id` int(11) NOT NULL,
  `question_id` int(11) NOT NULL,
  `question_suivante_id` int(11) DEFAULT NULL,
  `image_id` int(11) DEFAULT NULL,
  `valeur_fr` varchar(255) COLLATE utf8_unicode_ci NOT NULL,
  `dateAdd` datetime NOT NULL,
  `valeur_en` varchar(255) COLLATE utf8_unicode_ci DEFAULT NULL,
  `saut_id` int(11) DEFAULT NULL,
  `suggestion_id` int(11) DEFAULT NULL
) ENGINE=InnoDB DEFAULT CHARSET=utf8 COLLATE=utf8_unicode_ci;

--
-- Déchargement des données de la table `reponse`
--

INSERT INTO `reponse` (`id`, `question_id`, `question_suivante_id`, `image_id`, `valeur_fr`, `dateAdd`, `valeur_en`, `saut_id`, `suggestion_id`) VALUES
(1, 1, NULL, 64, 'Oui', '2017-02-02 18:05:55', 'Yes', 7, NULL),
(2, 1, 2, 65, 'Non', '2017-02-02 18:06:13', 'No', NULL, NULL),
(3, 2, 3, 104, 'Oui', '2017-02-09 17:20:43', 'Yes', NULL, NULL),
(4, 2, 3, 105, 'Non', '2017-02-09 17:28:57', 'No', NULL, NULL),
(5, 4, 5, 106, 'Olivâtre', '2017-02-09 17:47:26', 'Olive', NULL, NULL),
(6, 4, 5, 107, 'Imbriquée', '2017-02-09 17:48:41', 'Hawksbill', NULL, NULL),
(7, 4, 5, 108, 'Verte', '2017-02-09 17:49:38', 'Green', NULL, NULL),
(8, 4, 5, 109, 'Luth', '2017-02-09 17:50:33', 'Leatherback', NULL, NULL),
(9, 4, 5, 110, 'Indéterminée', '2017-02-09 17:51:54', 'Indeterminate', NULL, NULL),
(10, 4, 5, 111, 'Autre', '2017-02-09 17:52:31', 'Other', NULL, NULL),
(11, 7, 32, NULL, 'Frais (nuit precédente)', '2017-02-09 17:55:03', 'Recent (previous night)', NULL, NULL),
(12, 7, 32, NULL, 'Ancien', '2017-02-09 18:06:24', 'Old', NULL, NULL),
(13, 7, 32, NULL, 'Indéterminé', '2017-02-09 18:08:44', 'Undetermined', NULL, NULL),
(14, 32, 39, NULL, 'Oeufs collectées', '2017-02-09 18:09:38', 'Collected eggs', NULL, NULL),
(15, 32, 39, NULL, 'Nid pertubé', '2017-02-10 15:01:41', 'Nest disturbed', NULL, NULL),
(16, 32, 39, NULL, 'Intacte', '2017-02-10 15:02:58', 'Intact', NULL, NULL),
(17, 32, 39, NULL, 'Autre', '2017-02-10 15:03:29', 'Other', NULL, NULL),
(18, 8, 9, NULL, 'Oui', '2017-02-10 15:04:24', 'Yes', NULL, NULL),
(19, 8, 9, NULL, 'Non', '2017-02-10 15:04:52', 'No', NULL, NULL),
(21, 9, NULL, NULL, 'Oui', '2017-02-10 15:35:16', 'Yes', 2, NULL),
(22, 9, NULL, NULL, 'Non', '2017-02-10 15:52:10', 'No', 3, NULL),
(23, 13, 14, NULL, 'Petite', '2017-02-10 16:01:37', 'Small', NULL, NULL),
(24, 13, 14, NULL, 'Grosse', '2017-02-10 16:02:12', 'Big', NULL, NULL),
(25, 14, 15, 112, 'Oui', '2017-02-10 16:03:02', 'Yes', NULL, NULL),
(26, 14, 15, NULL, 'Non', '2017-02-10 16:03:45', 'No', NULL, NULL),
(27, 15, 16, NULL, 'Oui', '2017-02-10 16:04:31', 'Yes', NULL, NULL),
(28, 15, 17, NULL, 'Non', '2017-02-10 16:04:56', 'No', NULL, NULL),
(29, 16, 33, NULL, 'Bague droite', '2017-02-10 16:06:02', 'Right ring', NULL, NULL),
(30, 17, 20, 113, 'Aucune (recouvert de cuire)', '2017-02-10 16:27:38', 'None (coated)', NULL, NULL),
(31, 17, 18, 114, '4 paires', '2017-02-10 16:28:26', '4 pairs', NULL, NULL),
(32, 17, 19, 115, '5 paires', '2017-02-10 16:29:31', '5 pairs', NULL, NULL),
(33, 17, 20, 116, '6-9 paires', '2017-02-10 16:30:49', '6-9 pairs', NULL, NULL),
(34, 18, 20, NULL, 'Oui', '2017-02-10 16:31:39', 'Yes', NULL, NULL),
(35, 18, 20, NULL, 'Non', '2017-02-10 16:32:01', 'No', NULL, NULL),
(36, 19, 20, 117, 'Plutôt ronde', '2017-02-10 16:33:08', 'Rather round', NULL, NULL),
(37, 19, 20, 118, 'Plutôt longue', '2017-02-10 16:33:52', 'Rather long', NULL, NULL),
(38, 20, 40, 119, 'Luth', '2017-02-10 16:37:48', 'Leatherback', NULL, NULL),
(39, 20, 40, 120, 'Olivâtre', '2017-02-10 16:45:49', 'Olive', NULL, NULL),
(40, 20, 40, 121, 'Verte', '2017-02-10 16:55:27', 'Green', NULL, NULL),
(41, 20, 40, 122, 'Imbriquée', '2017-02-10 16:57:45', 'Hawksbill', NULL, NULL),
(42, 20, 40, 123, 'Caouanne', '2017-02-10 17:07:25', 'loggerhead', NULL, NULL),
(43, 20, 40, 124, 'Kemp', '2017-02-10 17:09:27', 'Kemp', NULL, NULL),
(44, 20, 40, 125, 'Indeterminé', '2017-02-10 17:10:44', 'Undetermined', NULL, NULL),
(45, 21, NULL, NULL, 'Vivant, femelle en ponte', '2017-02-10 17:28:21', 'Nesting female', 8, NULL),
(46, 21, NULL, NULL, 'Vivant, capture', '2017-02-10 17:29:06', 'Living, Capture', 9, NULL),
(47, 21, 25, NULL, 'Mort', '2017-02-11 16:42:36', 'Dead', NULL, NULL),
(48, 22, 23, NULL, 'Bagues metallites', '2017-02-11 16:48:09', 'Metal rings', NULL, NULL),
(49, 22, 23, NULL, 'Puce', '2017-02-11 16:57:03', 'Ring', NULL, NULL),
(50, 22, 24, NULL, 'Photo ID', '2017-02-11 16:58:44', 'Photo ID', NULL, NULL),
(51, 22, 24, NULL, 'Aucun', '2017-02-11 16:59:46', 'None', NULL, NULL),
(52, 23, 34, NULL, 'bague droite', '2017-02-11 17:01:04', 'Right ring', NULL, NULL),
(53, 23, 24, NULL, 'bague gauche', '2017-02-11 17:01:56', 'Left ring', NULL, NULL),
(54, 23, 34, NULL, 'Puce', '2017-02-11 17:02:57', 'Chip', NULL, NULL),
(55, 24, 26, NULL, 'Toujours en ponte', '2017-02-11 17:03:42', 'Still in lay', NULL, NULL),
(56, 24, 28, NULL, 'Retourné/relaché en mer', '2017-02-11 17:04:36', 'Returned /released at sea', NULL, NULL),
(57, 24, 27, NULL, 'En capture', '2017-02-11 17:05:27', 'Captured', NULL, NULL),
(58, 24, 25, NULL, 'Tué', '2017-02-11 17:30:22', 'Dead', NULL, NULL),
(59, 24, 27, NULL, 'Indéterminé', '2017-02-11 20:32:22', 'Undetermined', NULL, NULL),
(60, 25, 26, NULL, 'Echoué', '2017-02-13 12:57:04', 'Stranded', NULL, NULL),
(61, 25, 27, NULL, 'Tué pendant la ponte', '2017-02-13 12:58:00', 'Killed during laying', NULL, NULL),
(62, 25, 27, NULL, 'Capturé dans le filet', '2017-02-13 12:59:00', 'Captured in Net', NULL, NULL),
(63, 25, 27, NULL, 'Autre', '2017-02-13 13:00:07', 'Other', NULL, NULL),
(64, 26, 27, NULL, 'Aucune', '2017-02-13 13:05:02', 'None', NULL, NULL),
(65, 26, 27, NULL, 'Lésion', '2017-02-13 13:12:09', 'Lesion', NULL, NULL),
(66, 26, 27, NULL, 'Masse cutanée (fibro-papillomes)', '2017-02-13 13:13:14', 'Cutaneous mass (fibro-papillomas)', NULL, NULL),
(67, 26, 27, NULL, 'Autre', '2017-02-13 13:13:40', 'Other', NULL, NULL),
(68, 29, NULL, NULL, 'Carapace entière', '2017-02-13 14:18:12', 'Full carapace', 4, NULL),
(69, 5, 6, NULL, 'Photo', '2017-02-13 14:19:34', 'Photo', NULL, NULL),
(70, 10, 11, NULL, 'Photo', '2017-02-13 14:20:06', 'Photo', NULL, NULL),
(71, 30, 31, NULL, 'Photo', '2017-02-13 14:22:00', 'Photo', NULL, NULL),
(72, 27, 28, NULL, 'Photo', '2017-02-13 14:22:41', 'Photo', NULL, NULL),
(73, 3, 4, NULL, 'texte', '2017-02-13 15:20:25', 'text', NULL, NULL),
(74, 29, 30, NULL, 'Os', '2017-02-14 11:00:21', 'Bones', NULL, NULL),
(75, 29, 30, NULL, 'Ecaille', '2017-02-14 11:01:16', 'Scutes', NULL, NULL),
(76, 29, 30, NULL, 'Autre', '2017-02-14 11:02:00', 'Other', NULL, NULL),
(77, 16, 33, NULL, 'bague gauche', '2017-03-01 13:39:19', 'Left ring', NULL, NULL),
(78, 16, 33, NULL, 'Puce', '2017-03-01 13:40:09', 'Chip', NULL, NULL),
(81, 34, 24, NULL, 'texte', '2017-03-24 10:30:30', 'texte', NULL, NULL),
(82, 33, 17, NULL, 'texte', '2017-03-24 10:32:08', 'text', NULL, NULL),
(83, 36, 6, NULL, 'Oui', '2017-11-09 23:33:53', 'Non', NULL, NULL),
(84, 36, 6, NULL, 'Non', '2017-11-09 23:42:36', 'No', NULL, NULL),
(85, 38, 28, 95, 'bouge', '2017-11-18 12:05:17', 'moving', NULL, NULL),
(86, 38, 28, NULL, 'dors', '2017-11-18 12:15:39', 'sleeping', NULL, NULL),
(87, 38, 28, NULL, 'nage', '2017-11-18 12:16:00', 'swim', NULL, NULL),
(88, 39, 8, NULL, 'Zone I', '2017-12-02 13:29:41', 'Zone I', NULL, NULL),
(89, 39, 8, NULL, 'Zone H', '2017-12-02 13:30:42', 'Zone H', NULL, NULL),
(90, 39, 8, NULL, 'Zone E', '2017-12-02 13:31:06', 'Zone E', NULL, NULL),
(91, 39, 8, NULL, 'Zone D', '2017-12-02 13:31:32', 'Zone D', NULL, NULL),
(92, 40, 21, NULL, 'texte', '2017-12-09 12:37:53', 'text', NULL, NULL),
(102, 47, NULL, NULL, 'A', '2019-11-09 19:09:22', 'A', NULL, NULL),
(103, 47, NULL, NULL, 'B', '2019-11-09 19:11:23', 'B', NULL, NULL),
(104, 47, NULL, NULL, 'c', '2019-11-09 19:43:27', 'd', NULL, NULL),
(105, 47, NULL, NULL, 'd', '2019-11-09 19:43:52', 'd', NULL, NULL),
(106, 47, NULL, NULL, 'e', '2019-11-09 19:44:59', 'e', NULL, NULL),
(107, 47, NULL, NULL, 'f', '2019-11-09 19:45:13', 'f', NULL, NULL),
(108, 47, NULL, NULL, 'g', '2019-11-09 19:45:44', 'g', NULL, NULL),
(109, 48, NULL, NULL, 'A', '2019-11-11 13:57:59', 'A', NULL, NULL),
(110, 48, NULL, NULL, 'B', '2019-11-11 13:58:11', 'B', NULL, NULL),
(111, 48, NULL, NULL, 'C', '2019-11-11 13:58:25', 'C', NULL, NULL),
(112, 48, NULL, NULL, 'D', '2019-11-11 13:58:34', 'D', NULL, NULL),
(113, 48, NULL, NULL, 'E', '2019-11-11 13:58:48', 'E', NULL, NULL),
(114, 48, NULL, NULL, 'F', '2019-11-11 13:58:58', 'F', NULL, NULL),
(115, 48, NULL, NULL, 'G', '2019-11-11 13:59:12', 'G', NULL, NULL),
(116, 48, NULL, NULL, 'Je ne sais pas', '2019-11-11 13:59:25', 'Don\'t know', NULL, NULL);

-- --------------------------------------------------------

--
-- Structure de la table `saut`
--

CREATE TABLE `saut` (
  `id` int(11) NOT NULL,
  `dateAdd` datetime NOT NULL
) ENGINE=InnoDB DEFAULT CHARSET=utf8 COLLATE=utf8_unicode_ci;

--
-- Déchargement des données de la table `saut`
--

INSERT INTO `saut` (`id`, `dateAdd`) VALUES
(2, '2017-02-10 15:35:16'),
(3, '2017-02-10 15:52:10'),
(4, '2017-02-13 14:18:12'),
(7, '2017-11-26 14:56:58'),
(8, '2017-12-09 12:46:21'),
(9, '2017-12-09 13:04:58'),
(12, '2019-11-01 11:43:23');

-- --------------------------------------------------------

--
-- Structure de la table `saut_question`
--

CREATE TABLE `saut_question` (
  `id` int(11) NOT NULL,
  `saut_id` int(11) DEFAULT NULL,
  `question_id` int(11) DEFAULT NULL,
  `position` int(11) NOT NULL
) ENGINE=InnoDB DEFAULT CHARSET=utf8 COLLATE=utf8_unicode_ci;

--
-- Déchargement des données de la table `saut_question`
--

INSERT INTO `saut_question` (`id`, `saut_id`, `question_id`, `position`) VALUES
(1, 2, 2, 1),
(2, 2, 3, 2),
(3, 2, 4, 3),
(4, 2, 10, 4),
(5, 3, 4, 1),
(6, 3, 10, 2),
(7, 4, 17, 1),
(8, 4, 18, 2),
(9, 4, 19, 3),
(10, 4, 20, 4),
(11, 4, 30, 5),
(19, 7, 7, 1),
(20, 7, 32, 2),
(21, 7, 8, 3),
(22, 7, 2, 4),
(23, 8, 22, 1),
(24, 8, 23, 2),
(25, 8, 34, 3),
(26, 8, 24, 4),
(27, 8, 26, 5),
(28, 9, 22, 1),
(29, 9, 23, 2),
(30, 9, 34, 3),
(31, 9, 24, 4),
(32, 9, 26, 5),
(35, 12, 24, 1);

-- --------------------------------------------------------

--
-- Structure de la table `segment`
--

CREATE TABLE `segment` (
  `id` int(11) NOT NULL,
  `nom` varchar(255) COLLATE utf8_unicode_ci NOT NULL,
  `dateAdd` datetime NOT NULL,
  `periodeDebut` int(11) DEFAULT NULL,
  `site_id` int(11) DEFAULT NULL,
  `ville` varchar(255) COLLATE utf8_unicode_ci DEFAULT NULL,
  `region` varchar(255) COLLATE utf8_unicode_ci DEFAULT NULL,
  `moisDebut` int(11) DEFAULT NULL,
  `periodePic` int(11) DEFAULT NULL,
  `moisPic` int(11) DEFAULT NULL,
  `periodeFin` int(11) DEFAULT NULL,
  `moisFin` int(11) DEFAULT NULL
) ENGINE=InnoDB DEFAULT CHARSET=utf8 COLLATE=utf8_unicode_ci;

--
-- Déchargement des données de la table `segment`
--

INSERT INTO `segment` (`id`, `nom`, `dateAdd`, `periodeDebut`, `site_id`, `ville`, `region`, `moisDebut`, `periodePic`, `moisPic`, `periodeFin`, `moisFin`) VALUES
(4, 'DC20-25', '2017-03-28 13:33:14', NULL, 1, NULL, NULL, NULL, NULL, NULL, NULL, NULL),
(5, '4223', '2017-08-26 17:05:02', NULL, 2, NULL, NULL, NULL, NULL, NULL, NULL, NULL),
(7, 'FC-89', '2017-08-26 17:05:02', NULL, 1, 'Sangmelima', 'Sud', NULL, NULL, NULL, NULL, NULL),
(8, 'SET28', '2017-08-26 17:05:02', NULL, 2, 'Kribi', 'Littoral', NULL, 1, 3, NULL, NULL),
(9, 'SEC28-35', '2017-09-06 14:43:33', NULL, 1, NULL, NULL, NULL, NULL, NULL, NULL, NULL),
(15, 'Nfjks', '2017-11-15 18:29:22', NULL, 8, NULL, NULL, NULL, NULL, NULL, NULL, NULL),
(16, 'TR18-95', '2017-11-17 12:57:24', 2, 1, 'Sambo', 'Nord-Ouest', 1, 1, 4, 3, 10),
(17, '4223', '2017-11-17 16:28:02', NULL, 9, NULL, NULL, NULL, NULL, NULL, NULL, NULL),
(18, 'SET28', '2017-11-17 17:27:15', NULL, 9, NULL, NULL, NULL, NULL, NULL, NULL, NULL),
(19, 'V45', '2017-11-18 10:46:00', 1, 10, 'Limbe', 'Sud ouest', 11, 2, 3, 2, 5),
(20, 'V45', '2017-11-18 11:27:19', NULL, 11, NULL, NULL, NULL, NULL, NULL, NULL, NULL),
(21, '', '2017-11-18 11:55:04', NULL, 12, NULL, NULL, NULL, NULL, NULL, NULL, NULL),
(22, 'S001', '2017-11-30 19:30:51', NULL, 13, 'Kribi', 'Sud', NULL, NULL, NULL, NULL, NULL),
(23, 'Soa', '2017-12-01 14:29:26', NULL, 14, NULL, NULL, NULL, NULL, NULL, NULL, NULL),
(24, 'Douala', '2017-12-01 14:38:41', NULL, 1, NULL, NULL, NULL, NULL, NULL, NULL, NULL),
(25, 'Garoua', '2017-12-01 14:43:56', NULL, 1, NULL, NULL, NULL, NULL, NULL, NULL, NULL),
(26, 'Yaounde', '2017-12-01 14:58:57', NULL, 1, NULL, NULL, NULL, NULL, NULL, NULL, NULL),
(27, 'Bertoua', '2017-12-01 15:05:20', NULL, 1, NULL, NULL, NULL, NULL, NULL, NULL, NULL),
(28, 'Ddl', '2017-12-01 15:27:50', 3, 14, NULL, NULL, 5, NULL, NULL, NULL, NULL),
(29, 'Fl01', '2018-01-13 15:52:22', NULL, 15, NULL, NULL, NULL, NULL, NULL, NULL, NULL),
(30, 'Sanje beach', '2018-03-20 15:53:27', 2, 16, NULL, NULL, 9, 2, 1, 1, 6),
(31, 'Watè watè', '2018-03-26 08:34:47', 2, 17, NULL, NULL, 9, 2, 1, 1, 6),
(32, 'Batoke beach', '2018-04-10 08:49:07', 2, 18, NULL, NULL, 9, 2, 1, 1, 6),
(33, 'Downbeach', '2018-04-13 11:11:48', 2, 19, NULL, NULL, 9, 2, 1, 1, 6),
(34, 'Bat', '2018-04-13 12:36:01', NULL, 20, NULL, NULL, NULL, NULL, NULL, NULL, NULL),
(35, 'Sidi messaoud', '2018-05-17 17:34:06', NULL, 21, NULL, NULL, NULL, NULL, NULL, NULL, NULL),
(36, 'Plage 1', '2018-09-27 15:21:26', 1, 22, 'Campo', 'Sud', 9, 2, 12, 3, 4),
(37, 'Plage 2', '2018-09-27 15:21:40', 1, 22, 'Campo', 'Sud', 9, 2, 12, 3, 4),
(38, 'Plage 3', '2018-09-27 15:21:57', NULL, 22, 'Ebodje', NULL, NULL, NULL, NULL, NULL, NULL),
(39, 'Plage 1', '2018-09-27 15:30:30', 1, 23, 'Ebodje', 'Sud', 9, 2, 12, 3, 4),
(40, 'Plage 2', '2018-09-27 15:30:38', 1, 23, 'Ebodje', 'Sud', 9, 2, 12, 3, 4),
(41, 'Plage 3', '2018-09-27 15:30:50', 1, 23, NULL, NULL, 9, 2, 12, 3, 4),
(42, 'Batoke', '2018-11-08 17:42:56', 1, 24, NULL, NULL, 10, 2, 1, 2, 4),
(43, 'Bakingili', '2018-11-09 08:51:37', 2, 25, NULL, NULL, 10, 2, 1, 2, 4),
(44, 'Down beach', '2018-11-21 09:16:52', NULL, 26, NULL, NULL, NULL, NULL, NULL, NULL, NULL),
(45, 'Zone B', '2019-10-31 19:47:12', NULL, 27, NULL, NULL, NULL, NULL, NULL, NULL, NULL),
(46, 'Zone A', '2019-11-08 10:09:03', NULL, 28, NULL, NULL, NULL, NULL, NULL, NULL, NULL),
(47, 'Plage Tahiti', '2019-11-08 12:05:24', NULL, 29, NULL, NULL, NULL, NULL, NULL, NULL, NULL),
(48, 'Batoke', '2020-09-17 06:37:28', NULL, 30, NULL, NULL, NULL, NULL, NULL, NULL, NULL),
(49, 'Stairs 19-Cliffhouse', '2020-10-27 05:04:15', NULL, 31, NULL, NULL, NULL, NULL, NULL, NULL, NULL),
(50, 'Layton-Stairs 19', '2020-10-27 05:13:53', NULL, 31, NULL, NULL, NULL, NULL, NULL, NULL, NULL),
(51, 'Beach Chalet', '2020-10-27 05:18:17', NULL, 31, NULL, NULL, NULL, NULL, NULL, NULL, NULL);

-- --------------------------------------------------------

--
-- Structure de la table `site`
--

CREATE TABLE `site` (
  `id` int(11) NOT NULL,
  `projet_id` int(11) DEFAULT NULL,
  `nom` varchar(255) COLLATE utf8_unicode_ci NOT NULL,
  `dateAdd` datetime NOT NULL
) ENGINE=InnoDB DEFAULT CHARSET=utf8 COLLATE=utf8_unicode_ci;

--
-- Déchargement des données de la table `site`
--

INSERT INTO `site` (`id`, `projet_id`, `nom`, `dateAdd`) VALUES
(1, 1, 'Boulevard des praies', '2017-11-11 02:26:00'),
(2, 2, 'Laguna March', '2017-11-15 16:02:33'),
(8, 1, 'Kamp Village', '2017-11-15 18:29:22'),
(9, 1, 'Laguna March', '2017-11-17 16:28:02'),
(10, 7, 'LImbe', '2017-11-18 10:44:16'),
(11, 1, 'LImbe', '2017-11-18 11:27:19'),
(12, 7, '', '2017-11-18 11:55:04'),
(13, 9, 'kribi1', '2017-11-30 19:29:03'),
(14, 2, 'Yaounde', '2017-12-01 14:29:26'),
(15, 11, 'Florida', '2018-01-13 15:52:22'),
(16, 14, 'Idenau', '2018-03-20 15:53:27'),
(17, 14, 'Bakingili', '2018-03-26 08:34:47'),
(18, 14, 'Batoke', '2018-04-10 08:49:07'),
(19, 14, 'Limbe', '2018-04-13 11:11:47'),
(20, 16, 'Limbe', '2018-04-13 12:36:01'),
(21, 18, 'Sidi messaoud', '2018-05-17 17:34:06'),
(22, 23, 'Campo', '2018-09-27 15:20:55'),
(23, 23, 'Ebodje', '2018-09-27 15:30:12'),
(24, 25, 'Batoke', '2018-11-08 17:42:56'),
(25, 25, 'Bakingili', '2018-11-09 08:51:36'),
(26, 25, 'Down beach', '2018-11-21 09:16:51'),
(27, 33, 'Maison Alliance', '2019-10-31 19:47:12'),
(28, 33, 'Plage Tahiti', '2019-11-08 10:09:03'),
(29, 35, 'Plage Tahiti', '2019-11-08 12:05:23'),
(30, 39, 'Batoke', '2020-09-17 06:37:27'),
(31, 42, 'Ocean Beach', '2020-10-27 05:04:15');

-- --------------------------------------------------------

--
-- Structure de la table `suggestion`
--

CREATE TABLE `suggestion` (
  `id` int(11) NOT NULL,
  `categorie_id` int(11) NOT NULL,
  `parent_id` int(11) DEFAULT NULL,
  `question_id` int(11) NOT NULL
) ENGINE=InnoDB DEFAULT CHARSET=utf8 COLLATE=utf8_unicode_ci;

-- --------------------------------------------------------

--
-- Structure de la table `type`
--

CREATE TABLE `type` (
  `id` int(11) NOT NULL,
  `nom_fr` varchar(255) COLLATE utf8_unicode_ci NOT NULL,
  `dateAdd` datetime NOT NULL,
  `nom_en` varchar(255) COLLATE utf8_unicode_ci DEFAULT NULL,
  `valeur` tinyint(1) NOT NULL
) ENGINE=InnoDB DEFAULT CHARSET=utf8 COLLATE=utf8_unicode_ci;

--
-- Déchargement des données de la table `type`
--

INSERT INTO `type` (`id`, `nom_fr`, `dateAdd`, `nom_en`, `valeur`) VALUES
(1, 'Diurne', '2017-01-30 15:41:39', 'Diurnal', 1),
(3, 'Nocturne', '2017-01-30 15:53:59', 'Nocturnal', 0);

-- --------------------------------------------------------

--
-- Structure de la table `utilisateur`
--

CREATE TABLE `utilisateur` (
  `id` int(11) NOT NULL,
  `pays_id` int(11) DEFAULT NULL,
  `image_id` int(11) DEFAULT NULL,
  `username` varchar(255) COLLATE utf8_unicode_ci NOT NULL,
  `username_canonical` varchar(255) COLLATE utf8_unicode_ci NOT NULL,
  `email` varchar(255) COLLATE utf8_unicode_ci NOT NULL,
  `email_canonical` varchar(255) COLLATE utf8_unicode_ci NOT NULL,
  `enabled` tinyint(1) NOT NULL,
  `salt` varchar(255) COLLATE utf8_unicode_ci NOT NULL,
  `password` varchar(255) COLLATE utf8_unicode_ci NOT NULL,
  `last_login` datetime DEFAULT NULL,
  `locked` tinyint(1) NOT NULL,
  `expired` tinyint(1) NOT NULL,
  `expires_at` datetime DEFAULT NULL,
  `confirmation_token` varchar(255) COLLATE utf8_unicode_ci DEFAULT NULL,
  `password_requested_at` datetime DEFAULT NULL,
  `roles` longtext COLLATE utf8_unicode_ci NOT NULL COMMENT '(DC2Type:array)',
  `credentials_expired` tinyint(1) NOT NULL,
  `credentials_expire_at` datetime DEFAULT NULL,
  `nom` varchar(255) COLLATE utf8_unicode_ci DEFAULT NULL,
  `etat` varchar(255) COLLATE utf8_unicode_ci DEFAULT NULL,
  `facebook` varchar(255) COLLATE utf8_unicode_ci DEFAULT NULL,
  `twitter` varchar(255) COLLATE utf8_unicode_ci DEFAULT NULL,
  `gmail` varchar(255) COLLATE utf8_unicode_ci DEFAULT NULL,
  `nomProjet` varchar(255) COLLATE utf8_unicode_ci DEFAULT NULL,
  `organisation` varchar(255) COLLATE utf8_unicode_ci DEFAULT NULL,
  `ville` varchar(255) COLLATE utf8_unicode_ci DEFAULT NULL,
  `type` varchar(255) COLLATE utf8_unicode_ci DEFAULT NULL,
  `prenom` varchar(255) COLLATE utf8_unicode_ci DEFAULT NULL,
  `telephone` int(15) DEFAULT NULL
) ENGINE=InnoDB DEFAULT CHARSET=utf8 COLLATE=utf8_unicode_ci;

--
-- Déchargement des données de la table `utilisateur`
--

INSERT INTO `utilisateur` (`id`, `pays_id`, `image_id`, `username`, `username_canonical`, `email`, `email_canonical`, `enabled`, `salt`, `password`, `last_login`, `locked`, `expired`, `expires_at`, `confirmation_token`, `password_requested_at`, `roles`, `credentials_expired`, `credentials_expire_at`, `nom`, `etat`, `facebook`, `twitter`, `gmail`, `nomProjet`, `organisation`, `ville`, `type`, `prenom`, `telephone`) VALUES
(1, NULL, NULL, 'admin', 'admin', 'admin@example.com', 'admin@example.com', 1, '50f4vvncve8sww0cwow44sk4ksoc8co', 'dIX5j9syhVY6lzBDBmitpPQ9f6yuLI0Y4Fho+/nsrNo7hVcowoCMYPcLnbJvvPAKQLyqZT1H4Ui6I/bVNxOp/g==', '2021-01-18 21:51:09', 0, 0, NULL, 'fnZ680buGskZaAfOpy9DIoqAVmno84ThXnguSZ_K7Ck', '2017-10-19 17:16:27', 'a:1:{i:0;s:10:\"ROLE_ADMIN\";}', 0, NULL, NULL, NULL, NULL, NULL, NULL, NULL, NULL, NULL, NULL, NULL, 0),
(2, NULL, NULL, 'dorsin', 'dorsin', 'dorsin@example.com', 'dorsin@example.com', 1, 'cutbb5foiu8kww48gwok4ss4wcw4c8w', 'AidSUjHoV/yjxtD2+oddi+Eg7o8G1N31cBYIlsLx7LBdqvNsd5Xr3IIG4f61wpEB3CiFdrAMk1w1Z2dtdW9oHg==', '2021-01-18 21:51:56', 0, 0, NULL, 'Y4ZMSXCvre18YixNHv0qh-vrqZuXVk0qDD7qaEpBu2E', '2017-10-19 17:04:29', 'a:0:{}', 0, NULL, 'Dorsin', NULL, NULL, NULL, NULL, NULL, NULL, NULL, NULL, NULL, 0),
(18, NULL, NULL, 'eiser', 'eiser', 'georgeseisenmann@gmail.com', 'georgeseisenmann@gmail.com', 1, 'le4lhlvf1a8w8w0o0040ck48gkk4s0o', 'GgL6LQ8VrmBa0p5xC6PGuiB41DFPi82MzCjCVOopOorjOAbUQdAxigETgOy8diVjFvA5VON2lkMMY8aqxBdUyw==', '2017-10-22 18:09:21', 0, 0, NULL, NULL, NULL, 'a:0:{}', 0, NULL, 'eiser', NULL, NULL, NULL, NULL, NULL, 'je sais pas', 'Yaoundé', NULL, 'eiser', 67777),
(19, NULL, NULL, 'georges', 'georges', 'fangdieudjiokou@yahoo.fr', 'fangdieudjiokou@yahoo.fr', 1, 'cf6r3e53jncwsckk08wg4gkgwkwwsc8', '+mGCEmV3R12rV2Oo8yGi75S1SS0ScbT9KTlBqRoVsV5O3eDDQBWKpBaDfSIwXRrCNjTHf7s0z0D3kG1tyL35+w==', '2017-10-22 18:27:00', 0, 0, NULL, NULL, NULL, 'a:1:{i:0;s:9:\"ROLE_USER\";}', 0, NULL, 'georges', NULL, NULL, NULL, NULL, NULL, 'georges', 'Douala', NULL, 'georges', 876),
(20, NULL, NULL, 'Dorian', 'dorian', 'njamid@yahoo.fr', 'njamid@yahoo.fr', 1, 'pj0b3x3rgwgc08o8k08c448s48w0g4w', 'iGxNnJSb7ep/JuVzFYfG80snbV+4Dd1HXQ7rbxwrwQfrFLwtsrCwxXzUFfMz6lq68inCMBuMSmZGOMoGQ9uVaA==', '2018-10-19 23:00:16', 0, 0, NULL, 'P0ZW5VZiaBnpeD4Jj53to21gFhyHPHmg8PvsQr9Z4Lg', '2017-11-17 16:57:20', 'a:1:{i:0;s:9:\"ROLE_USER\";}', 0, NULL, 'NJAMI', NULL, NULL, NULL, NULL, NULL, 'Nanotech', 'Yaoundé', NULL, 'Dorian', 670130734),
(22, NULL, NULL, 'e', 'e', 'wtakoutsing@gmail.com', 'wtakoutsing@gmail.com', 1, 'bcpqnxu5px4wkokg0wkkog8g4ww8808', 'TKfY5nq794VksWuo8d3QpZbdm2dup/tvBBMr+NJi4jw4dc35fNS5Qz1HKSIIz9dojyoe6WtJHdHCvVGUMEctxQ==', NULL, 0, 0, NULL, 'pvWVr81hXcpTvdl_FileiHsRR0IctWUE1jaqAFqkos8', '2017-11-17 18:24:38', 'a:1:{i:0;s:9:\"ROLE_USER\";}', 0, NULL, 'dd', NULL, NULL, NULL, NULL, NULL, '', '', NULL, 'dd', 0),
(23, NULL, NULL, 'Takoutsing', 'takoutsing', 'wtakoutsing', 'wtakoutsing', 1, '7opejq5qu2o0gks4wwkk40s4o4wo4ow', 'wJDrDNfbPhsFauum4WKCtiq1A5Q/4WvoOV1LqZW7hLudE/Fy/j5R8L230VwlFZbyUwDAtzREEOUTZbwW4A4HOA==', NULL, 0, 0, NULL, NULL, NULL, 'a:1:{i:0;s:9:\"ROLE_USER\";}', 0, NULL, 'Harold', NULL, NULL, NULL, NULL, NULL, '', '', NULL, '', 0),
(24, NULL, NULL, 'Dd', 'dd', 'dd@gmail.com', 'dd@gmail.com', 1, 'dpdlfhud8iogcgg04488wocc4w44sww', 'XZr3eNd5yFl93TYK/wWuHW35gox6S4p+M/KpbFuHgRyoD/tShBK9QnkQFv62hOa/bSxAo/0bnBX916W76+jUXw==', NULL, 0, 0, NULL, NULL, NULL, 'a:1:{i:0;s:9:\"ROLE_USER\";}', 0, NULL, 'Fff@gmail.com', NULL, NULL, NULL, NULL, NULL, '', '', NULL, '', 0),
(28, 36, 83, 'nanouser', 'nanouser', 'dnjami@nanotechsolutions.cm', 'dnjami@nanotechsolutions.cm', 1, '8x2rbh0ywd8gco8kk0kocssc4okkgco', 'MFb8Wm6fop//ixsXmAe8NCwh9XtXM7cqY4Pi2PJekCkwzL8dZNwF0fsjczUOgzawXwrapvw4ZLvi9qEUg9Zhgg==', '2017-11-17 20:09:30', 0, 0, NULL, NULL, NULL, 'a:1:{i:0;s:9:\"ROLE_USER\";}', 0, NULL, 'Nanotech', NULL, NULL, NULL, NULL, NULL, NULL, NULL, NULL, NULL, NULL),
(29, 36, 136, 'Aristide', 'aristide', 'kamlaaristide@yahoo.fr', 'kamlaaristide@yahoo.fr', 1, 'ma0hbjs717kk88k48gk4gcowsss4sck', 'bA7ePF92Vnvdsx73hgPyee6ShZbkT9qx7MeZ3iEcDeHEykh1D0hjob9xiM0rSlvuGX4Xjp5dwDKFLSumRWDkYw==', '2019-11-09 19:54:13', 0, 0, NULL, NULL, NULL, 'a:1:{i:0;s:9:\"ROLE_USER\";}', 0, NULL, 'Kamla', NULL, NULL, NULL, NULL, NULL, NULL, NULL, NULL, 'Aristide', 0),
(35, 36, NULL, 'chris', 'chris', 'djokochristelle@gmail.com', 'djokochristelle@gmail.com', 1, 'c3iohfsv2o84w8s88g844s4o44ks8so', 'cHb1j+GqLCzR6AMervoiICIFZwpzuVVeDJ9ZLoEtfRwkb5XyPmVI3YceNtXoUoLcwr2VwMNKQFD1d4r3GMAb+Q==', '2017-11-30 18:38:32', 0, 0, NULL, NULL, NULL, 'a:1:{i:0;s:9:\"ROLE_USER\";}', 0, NULL, 'Chris', NULL, NULL, NULL, NULL, NULL, NULL, NULL, NULL, NULL, NULL),
(36, NULL, NULL, 'solidmaison', 'solidmaison', 'futurexe2@gmail.com', 'futurexe2@gmail.com', 1, 'mcpnnt6j45cwws48cg0wg8ggkgogss4', 'UpOtTsS2DhUTOf3bnSKNDGBVdwP+jDAFzXl82pMVGOZd1XCZgNfi3sgIwqdxXMh56brYJ6bvTjIfysSkHdxYzg==', '2017-12-20 17:40:15', 0, 0, NULL, NULL, NULL, 'a:1:{i:0;s:9:\"ROLE_USER\";}', 0, NULL, 'Noumbi', NULL, NULL, NULL, NULL, NULL, 'Solidmaison ', 'Cameroun ', NULL, 'Appolinaire ', 677602077),
(37, NULL, NULL, 'Arist', 'arist', 'akamla@ammco.org', 'akamla@ammco.org', 1, '26s2gr0jcry88scgssg8o40g404ogws', 'ply9MObgu3y3HEyFJYsJ0SMIoQmmToq0lVKrxPYZ6dmDYU7Fwy1d8DE0Vt7Qa7DOdLbcPvBO+1wc6GHmSy9Dbw==', '2021-01-21 05:11:29', 0, 0, NULL, '_Ale8Oz-9H9psn3wOIt28d4WaweHo4-u8pLe8LfJE0Q', '2021-01-20 21:44:30', 'a:1:{i:0;s:9:\"ROLE_USER\";}', 0, NULL, 'Takoukam', NULL, NULL, NULL, NULL, NULL, 'Ammco', 'Cameroon', NULL, 'Aristide ', 974847),
(38, NULL, NULL, 'osia', 'osia', 'drone@osiaz.com', 'drone@osiaz.com', 0, '47u4pa5r8680sw0woww44wgss0sgcsc', 'JWMOOLNHV8O5qxw2CzOcGkJuyvnPOSsjJhrhBpY3+zglhSoWPrJg3l3clgQZmUFwJN9kry1yjTYPAWrhTcsn0g==', '2018-01-26 23:11:03', 0, 0, NULL, '433ac25a7a25a7626eae4ddfdfb7c3a033d6f26b', NULL, 'a:1:{i:0;s:9:\"ROLE_USER\";}', 0, NULL, 'zannou', NULL, NULL, NULL, NULL, NULL, 'Bénin drone lab', 'benin', NULL, 'osia', 95234503),
(39, NULL, NULL, 'Schmitt ', 'schmitt ', 'vfranci16@yahoo.com.br', 'vfranci16@yahoo.com.br', 1, 'fxg7ckse1lw0wkokgskoss80ok8skso', '/zawpsicD3Vmx1Exs4Mwy0YK2KhFqa3K7fWswKgZlyucW4XDgh8SgOY7ZpaAcoq9pQf45Sz/MD9AvpVwkLMBUA==', '2018-08-11 16:09:18', 0, 0, NULL, NULL, NULL, 'a:1:{i:0;s:9:\"ROLE_USER\";}', 0, NULL, 'Vane', NULL, NULL, NULL, NULL, NULL, 'Peincipe trust fundation', 'São tome e principe', NULL, 'Vanessa', 2147483647),
(40, 36, 154, 'Eddy Nnanga', 'eddy nnanga', 'ennanga@ammco.org', 'ennanga@ammco.org', 1, 'lo49fyr21fkw404cgcogckowgw8gg8g', 'AuWLmQSY63mOiuhM0NduuJ55kfX+k+3PtPjto0VD+MLKPMtYd9Y8QaD9lbiX4GYan4cEdmjOSdQTErsAJlvNbw==', '2021-02-01 07:16:41', 0, 0, NULL, NULL, NULL, 'a:1:{i:0;s:9:\"ROLE_USER\";}', 0, NULL, 'Nnanga', NULL, NULL, NULL, NULL, NULL, 'African Marine Mammal Conservation Organisation (AMMCO)', 'Limbe', NULL, 'Eddy', 697974765),
(41, NULL, NULL, 'Josmat', 'josmat', 'josiasmt_777@yahoo.fr', 'josiasmt_777@yahoo.fr', 1, '1fqqpymve4xwcg8g8kw880wsks4s0wc', 'lyilKbAd+60Y2R3PIDx/ITvFCbx+9YWfc5nYdc4VZfZ4JRpuXAHgCsPDs+4DLMoXqclj3klnf3vZky63gsJnOA==', '2018-03-23 16:58:21', 0, 0, NULL, NULL, NULL, 'a:1:{i:0;s:9:\"ROLE_USER\";}', 0, NULL, 'MADOGOTCHA', NULL, NULL, NULL, NULL, NULL, 'Nature Tropicale', 'Benin', NULL, 'Josias', 2147483647),
(42, 219, NULL, 'Imed', 'imed', 'imed.jribi@fss.rnu.tn', 'imed.jribi@fss.rnu.tn', 1, 'dkbe6m6boh4o0kgwc8sck48kckw8w44', '18W4AJXNkbB4U1PZCN9QM2oIzGBAHaBVPT2V0WJF2dwcbJ0eQtlKf4D3j/uXiWv8p6qjolsdt/rmJmExam4Y0A==', '2018-09-25 21:53:05', 0, 0, NULL, NULL, NULL, 'a:1:{i:0;s:9:\"ROLE_USER\";}', 0, NULL, 'Jribi', NULL, NULL, NULL, NULL, NULL, 'FSS', 'Chebba', NULL, 'Imed', 2147483647),
(43, NULL, NULL, 'Peregrino', 'peregrino', 'alvesoceano@gmail.com', 'alvesoceano@gmail.com', 0, 'abc8nrgre0w0gwg40skwg4g4g0cgssk', 'CuEAEWKOKxMDjnLiaxHHzgpiN5yfiWGDc+pTK2hb9TE/11YUr6tCvs1k3H9S4l7W3Pco/aymTmsMa/MPtRORgg==', '2018-05-09 21:06:15', 0, 0, NULL, 'e7d6ba7328fc9fe49c9b3166a44ef3556213532f', NULL, 'a:1:{i:0;s:9:\"ROLE_USER\";}', 0, NULL, 'Henrique', NULL, NULL, NULL, NULL, NULL, 'Semag', 'Brasil', NULL, 'Marcos', 0),
(44, NULL, NULL, 'Lionel YAMB', 'lionel yamb', 'lyamb@ammco.org', 'lyamb@ammco.org', 1, 'gt3g3albl80soo48gkcoswgsc0ockw8', '2o0xRgqGRmmp1+7HdRmKxjw9tK43Scn4wjDg1eKdei/bsxN+Z/GJCMlmzhB5VaOrBG7AfSiyoayF/9CNxqexCg==', '2019-10-16 21:42:21', 0, 0, NULL, NULL, NULL, 'a:1:{i:0;s:9:\"ROLE_USER\";}', 0, NULL, 'Lionel Brice', NULL, NULL, NULL, NULL, NULL, 'AMMCo', 'Cameroon', NULL, 'YAMB', 697226651),
(45, NULL, NULL, 'Esteve', 'esteve', 'paul.esteve@uicn.fr', 'paul.esteve@uicn.fr', 1, 'm8gm14ljotck44w8gk888oc88kskg4g', 'yDFUYuVfsFtAxxLR9EHMPCm2uC75C9oYYCTvIlpjKHShuFkl1qtmZXiwL9tLzO+4BaGp5E9HsgZHeO9hShCnmg==', '2018-07-31 13:48:17', 0, 0, NULL, NULL, NULL, 'a:1:{i:0;s:9:\"ROLE_USER\";}', 0, NULL, 'Estève ', NULL, NULL, NULL, NULL, NULL, 'Comité français de l UICN', 'France ', NULL, '', 0),
(46, NULL, NULL, 'Che tarmizi', 'che tarmizi', 'mieggic@gmail.com', 'mieggic@gmail.com', 1, '8bolwg6b9eo0c4g4kwgooc44808wokc', 'GUu0C/g1TZwAsCN62nUDfESq/ZoAMurwOMxnOy/zVV/Ri7toYvKDbEe9fHXeU7YfnSmGAmT3qTitalXZ+VdJoA==', '2018-08-06 15:00:49', 0, 0, NULL, NULL, NULL, 'a:1:{i:0;s:9:\"ROLE_USER\";}', 0, NULL, 'Tarmizi', NULL, NULL, NULL, NULL, NULL, 'Kelantan', 'Malaysia', NULL, 'Che', 1161066073),
(47, NULL, NULL, 'Sachin', 'sachin', 'sachinpuro12@gmail.com', 'sachinpuro12@gmail.com', 0, 'mfb4ru7x0mscsoko00gcs0kk084ggsk', 'J/YvFpHftyGLfuneHG1DFBUx7NqaZ4gHVtDPEZJLUMwdfj4GzBOPTNi1oubF902rabf5msn4X/tIcEhyhlaT+A==', NULL, 0, 0, NULL, '45c6e64bdba84fb0188b6fee6f65d534883be428', NULL, 'a:1:{i:0;s:9:\"ROLE_USER\";}', 0, NULL, 'Sachin puro', NULL, NULL, NULL, NULL, NULL, '', 'India', NULL, 'Sachin', 2147483647),
(48, NULL, NULL, 'marineraimon', 'marineraimon', 'marineraimon@gmail.com', 'marineraimon@gmail.com', 1, 'ivy93ta2bo08gsk8csc8osgkg48wc80', 'k7999JtPNH8IjZO4NttFQ2JFDjPfFZkcv/HObIb6fkVMxCz5JDCKKPvOSUceJB85GvlKueyHhbmuBpJz2ArDrw==', '2018-09-22 16:15:06', 0, 0, NULL, NULL, NULL, 'a:1:{i:0;s:9:\"ROLE_USER\";}', 0, NULL, 'Raimon', NULL, NULL, NULL, NULL, NULL, 'Barcelona University', '', NULL, 'Marine', 2147483647),
(49, NULL, NULL, 'cfogwan@yahoo.fr', 'cfogwan@yahoo.fr', 'cfogwan@yahoo.com', 'cfogwan@yahoo.com', 1, '2u1k9h9wvi0wk8s4so8oow0k04kc4oc', 'IXOl3s3d6VhGAolnqrhIBcy+J+kOS8uPaEY6ar8DbA6dDGQcavLhDGKqGenY64dikXQ8GmimuDOMm8LTZuHmsw==', '2020-11-08 11:27:45', 0, 0, NULL, NULL, NULL, 'a:1:{i:0;s:9:\"ROLE_USER\";}', 0, NULL, 'FOGWAN NGUEDIA', NULL, NULL, NULL, NULL, NULL, 'AMMCO', 'Cameroon', NULL, 'Cedrick', 676463556),
(52, NULL, NULL, 'Estuaries', 'estuaries', 'kevinaweerts@gmail.com', 'kevinaweerts@gmail.com', 1, 'jn2fbmyls2gckwgsks8o0ggwksco08s', 'BF5WKFafPJQak3+00uoWmpagAXiZ517ym17QRWORh/fd1CKnTfilANnGcuEn5U0cm/zpjbdsjCIwZosjecmgXw==', '2018-12-28 09:30:56', 0, 0, NULL, NULL, NULL, 'a:1:{i:0;s:9:\"ROLE_USER\";}', 0, NULL, 'Weerts', NULL, NULL, NULL, NULL, NULL, '', '', NULL, 'Kevin', 0),
(53, NULL, NULL, 'Alonso', 'alonso', 'tonylavp06@gmail.com', 'tonylavp06@gmail.com', 1, 'b992q1hyl0ooc8g4044s0w4888g8ccs', 'JNEYwCdfYUSwsdY3/HYxD6KezBNTPBWjBFCoEWF+9KwliJoe3vCgWMtz1Gl3GEa2yzF94Xit6DQRJANSt7v2vg==', '2019-02-04 02:43:00', 0, 0, NULL, NULL, NULL, 'a:1:{i:0;s:9:\"ROLE_USER\";}', 0, NULL, 'Alonso ', NULL, NULL, NULL, NULL, NULL, 'Seguridad Elite ', 'Guanacaste ', NULL, 'Alonso ', 84182930),
(54, NULL, NULL, 'Kema Kema ', 'kema kema ', 'judicaelrgis@gmail.com', 'judicaelrgis@gmail.com', 1, 'og4ezp7mt28g4ww8sw4gwwoococo8o4', 'obAeuhWFpg1+JqXcqARdhEpYziTuzF5j3hvWOaZQvLq6sj6tC19Fpfug1MGnCHgfNzEZXnGaxor253VcZcEtcQ==', '2019-02-09 17:53:23', 0, 0, NULL, NULL, NULL, 'a:1:{i:0;s:9:\"ROLE_USER\";}', 0, NULL, 'Kema Kema', NULL, NULL, NULL, NULL, NULL, 'ANPN', 'Gabon', NULL, 'Judicael Régis ', 2147483647),
(56, NULL, NULL, 'Styker5', 'styker5', 'Styker100@gmail.com', 'styker100@gmail.com', 1, 'fj1y8wx8tr4g4o8wwog4oogw0k0w84g', 'ITO8b3NfCfSd4Jf4HxZG7AGNdtb+zF/fqaJrMTjW9zHNATZY+Tc+1S0DpU6udkM282o5fFtHUEApUbT/b0dMfg==', '2019-03-07 14:20:16', 0, 0, NULL, NULL, NULL, 'a:1:{i:0;s:9:\"ROLE_USER\";}', 0, NULL, 'Agyepong Antwi', NULL, NULL, NULL, NULL, NULL, 'Animal Biology and Conservation Science', 'Ghana', NULL, 'Raymond', 245945756),
(58, NULL, NULL, 'Elizabeth', 'elizabeth', 'firecoralemb@gmail.com', 'firecoralemb@gmail.com', 1, 'et0t8b85ewow44wccko4w044o048ck4', 't6JVYaORIR1S2Emz/tkBcXGDPUQ6o0RzQoIGXb/4OJM3TD75p6kwpkLO0uqvkThcTt3M6d0z/a8jq9YZn6EQew==', '2019-04-09 15:17:56', 0, 0, NULL, NULL, NULL, 'a:1:{i:0;s:9:\"ROLE_USER\";}', 0, NULL, 'Bevan', NULL, NULL, NULL, NULL, NULL, 'Acf', 'USA', NULL, 'Elizabeth', 2147483647),
(59, NULL, NULL, 'Dieudonné ', 'dieudonné ', 'Dieudonne.mveng@gmail.com', 'dieudonne.mveng@gmail.com', 0, 'mim2gfmdmtcw40gw48k40c40ss44c84', 'Fb74yFogkCUT5OL4t0PUONo43kClG3dRLToD3S3IYb+xyfyvCcYHs/OGkkBNqjFb9Cf+oZFAUBFUQ95H1qJtNA==', '2019-08-31 00:36:05', 0, 0, NULL, 'ea6585e468d744264d6f39770141b572c47d7282', NULL, 'a:1:{i:0;s:9:\"ROLE_USER\";}', 0, NULL, 'Dieudonné ', NULL, NULL, NULL, NULL, NULL, '', 'Cameroun', NULL, '', 0),
(61, NULL, NULL, 'CTurley', 'cturley', 'craig.turley@eso.org.om', 'craig.turley@eso.org.om', 1, '1phlqbj6tn6ss0gk408wwww44owwsws', 'hzZ8gjTBafB0TVPQ2FbdTlGU+rODltejmGNYgBs/0fUqLUgxYdihyh8dkNJN6NZB2M/kyqMioPCj7DlS8wKDoQ==', '2019-10-14 08:53:16', 0, 0, NULL, NULL, NULL, 'a:1:{i:0;s:9:\"ROLE_USER\";}', 0, NULL, 'Craig', NULL, NULL, NULL, NULL, NULL, 'Environment Society of Oman', 'Oman', NULL, 'Craig', 0),
(62, NULL, NULL, 'jameso', 'jameso', 'osuan@yahoo.com', 'osuan@yahoo.com', 1, 'jkw3swwaay8sc8g84gs4og8cocg04gc', 'y9/A5fpIqTEM3jl8i8EdF0BmcgoHrwSTnuzL2IhE91snXnZlEswXDDUfPQ/8LPnK8yeJpsN43Jv5LQSgPjMJNA==', '2019-11-13 15:10:23', 0, 0, NULL, NULL, NULL, 'a:1:{i:0;s:9:\"ROLE_USER\";}', 0, NULL, 'James', NULL, NULL, NULL, NULL, NULL, '', 'Gabon', NULL, 'Olivia', 2147483647),
(63, NULL, NULL, 'FinnCFJ', 'finncfj', 'finncfjackson@gmail.com', 'finncfjackson@gmail.com', 1, 'tppsb6535fk4cs80gww4ckc0sg8wsc8', 'REDyBiEH6oVJx5D+NjnhA4mG/ZKVcB3rqrxWKtDUpZkWx7rhQAjQU+NtljleG6baPEYcmC90trJ6QviariWKUQ==', '2019-10-30 18:42:27', 0, 0, NULL, NULL, NULL, 'a:1:{i:0;s:9:\"ROLE_USER\";}', 0, NULL, 'Frost', NULL, NULL, NULL, NULL, NULL, '', 'Gabon', NULL, 'Finn', 0),
(64, NULL, NULL, 'mfelixdagobert', 'mfelixdagobert', 'felixdagobertmboumma@gmail.com', 'felixdagobertmboumma@gmail.com', 1, 'mzptc9zz1dwgc4oosgg4ckgg8wko8ss', 'WI0lq0QTCiGlcjnM+zmXWYeTdxL7gCP2CQaBpcmlRTSk3HJ7OyHzU+QGpXxwqXKWBHQ+LPnCPRE5I0oQ9Sz1EQ==', '2019-11-29 20:30:44', 0, 0, NULL, NULL, NULL, 'a:1:{i:0;s:9:\"ROLE_USER\";}', 0, NULL, 'MBOUMMA ', NULL, NULL, NULL, NULL, NULL, 'Université de Douala ', 'Cameroun ', NULL, 'Félix Dagobert ', 695962271),
(65, NULL, NULL, 'Xavier', 'xavier', 'xavier.ndjamo@gmail.com', 'xavier.ndjamo@gmail.com', 1, 'gd3y5pmdszcwgggo8w4sckskss8sc0c', 'tTLR43I9eMpgvfgynzSc3tlpA02nn5rCTxoctcv6xFgBsmoTFVABLygv7JU/guus5cikccdEKAURLXfajWoZig==', '2019-12-27 19:42:33', 0, 0, NULL, NULL, NULL, 'a:1:{i:0;s:9:\"ROLE_USER\";}', 0, NULL, 'NDOUNTENG NDJAMO', NULL, NULL, NULL, NULL, NULL, 'TUBE AWU', 'Cameroun', NULL, 'Rodric Xavier', 697162080),
(66, NULL, NULL, 'Johnydoe', 'johnydoe', 'johndoe2020@gmail.com', 'johndoe2020@gmail.com', 0, 'b8cur5kcvxw8sss8cscsk4ss808k8k4', 'T9AoU0dwY1rbkelezDlHiAS42bPWFiHH1q7rycSrJdtTBNC8EpvuuJR+ICi/IIA+Pmj6DiJcpLC1FbDKZswFwQ==', NULL, 0, 0, NULL, 'a2fcb83e774bd6694604360828043b65d6e31ddf', NULL, 'a:1:{i:0;s:9:\"ROLE_USER\";}', 0, NULL, 'Doe', NULL, NULL, NULL, NULL, NULL, '', 'Canada', NULL, 'John', 0),
(68, NULL, NULL, 'Johnydoee', 'johnydoee', 'doedoedoe2020@gmail.com', 'doedoedoe2020@gmail.com', 1, 'l1xgq7iuvbk84ok0owwocg4kwsswggw', '5Vb2BLOvGN7J4xj81K6TKToauh7CzytZuEUixERIiz/axHSfTIsVPdrmDFbe2PbClz+ixy18jUjaWqTzXoxHVQ==', '2020-01-10 11:49:39', 0, 0, NULL, NULL, NULL, 'a:1:{i:0;s:9:\"ROLE_USER\";}', 0, NULL, 'Johny Doe', NULL, NULL, NULL, NULL, NULL, '', '', NULL, '', 0),
(69, NULL, NULL, 'Johndoe', 'johndoe', 'qamilestone00@gmail.com', 'qamilestone00@gmail.com', 1, 'gwjb1zh7u1w0ogo084ooocws8c44gcg', 'JgdLx/Deets+YDtA8SnWCA2iiBxzxJlFKIeaujAstpRRBbYSpNBEWqR6L39Q7j6k4bFVoH3KdOPo8M3S10r+Tg==', '2020-01-15 00:38:29', 0, 0, NULL, NULL, NULL, 'a:1:{i:0;s:9:\"ROLE_USER\";}', 0, NULL, 'Doe', NULL, NULL, NULL, NULL, NULL, '', 'Ph', NULL, 'John', 2147483647),
(71, NULL, NULL, 'David angenda ', 'david angenda ', 'davidmbulipalmer@gmail.com', 'davidmbulipalmer@gmail.com', 0, 'r2xc5pgxxggg4o4kk0wwc4sswsokogc', 'GvhLSCE+xTyLDp4IZBnidXbfyVidXncyEFK1mpwHed8p192kDcQffiqi2TTGY3UbVqUHsYy7S7lG6q2Y6UZY7g==', NULL, 0, 0, NULL, 'b9db95f661528c47c142b5fb41afc2a64a2b909a', NULL, 'a:1:{i:0;s:9:\"ROLE_USER\";}', 0, NULL, 'David', NULL, NULL, NULL, NULL, NULL, 'Iccn', 'DRC', NULL, 'Angenda', 816063408),
(73, NULL, NULL, 'Oumar88', 'oumar88', 'lilba1988@hotmail.com', 'lilba1988@hotmail.com', 1, 'lbgu6s09hq80kc8wgowgso4kkwc8owc', 'JVFIxJQdRE1GSHu8CcGv8nRlS3wm+IpzF6CD2GMitdffewDZ75BDSxbgFiFTNVJaAZBsBfvX0OBxLO9hrRDXgQ==', '2020-02-04 16:24:21', 0, 0, NULL, NULL, NULL, 'a:1:{i:0;s:9:\"ROLE_USER\";}', 0, NULL, 'Ba', NULL, NULL, NULL, NULL, NULL, 'Birdlife International ', 'Senegal', NULL, 'Oumar ', 2147483647),
(75, 36, NULL, 'cyrillebalam', 'cyrillebalam', 'cyril.balam@gmail.com', 'cyril.balam@gmail.com', 1, 'snlwsr1m5z4woswwcoww0osc8w0ogg4', 'qJE3BsYZbTq0Me1Lvl+Jm1zeGDwi5W9FSaMHerUjV6YyB0976D+nDQM7RBFht8l+Q42UzoT23TqhJSM/X1z3PQ==', '2020-10-26 23:25:04', 0, 0, NULL, NULL, NULL, 'a:1:{i:0;s:9:\"ROLE_USER\";}', 0, NULL, 'balam', NULL, NULL, NULL, NULL, NULL, 'nanotech', 'Maroua', NULL, 'cyrille', 695543765),
(78, 231, 210, 'laurent', 'laurent', 'lsanchez@ammco.org', 'lsanchez@ammco.org', 1, '3pbdipw674qo488okco84g8cko4wg0k', '25hmaejdygMTS3oXNeJ69xM46vGRAJhQ/VWoysTUOSfUA2+KNZFGTSZSwFLsAOpLjbrdXCep6VxF480uCacCBA==', '2020-12-23 07:33:09', 0, 0, NULL, NULL, NULL, 'a:1:{i:0;s:9:\"ROLE_USER\";}', 0, NULL, 'Laurent Sanchez', NULL, NULL, NULL, NULL, NULL, 'AMMCO', 'san francisco', NULL, 'Laurent', 2147483647),
(79, 36, NULL, 'Arist1', 'arist1', 'kamlaaristide1@yahoo.fr', 'kamlaaristide1@yahoo.fr', 0, '6tka7a8vyrwoswk00ko4wow84g84cs0', 'gop83HjOzBeAjOVBrIqqrC8H8/MWo2SL41sm4Z7Vidr3xbsbeYTFtVxAs5ORnQeq/k6GP4aCdZ6L1F9T+X7iJQ==', NULL, 0, 0, NULL, 'nZhZeub86hj4m8N159P-RxxAJmc7aq_I4lv31M2IidY', NULL, 'a:1:{i:0;s:9:\"ROLE_USER\";}', 0, NULL, 'Tak', NULL, NULL, NULL, NULL, NULL, 'Ammco', 'Yaounde', NULL, 'Arist', 680587715),
(80, NULL, NULL, 'jimenamanta', 'jimenamanta', 'jimenamanta@gmail.com', 'jimenamanta@gmail.com', 1, '516twh2g54kcowog4ccw4k0w4o4o0s8', 'qVf9vYTj1Gq2VQSjDrxeAUNiBxHKEVAvtxD05wZ/MxbF+oZw1MozDPb+/YOrWWozFzPl0kpvja+0nuapoWhmAQ==', '2020-12-09 05:58:52', 0, 0, NULL, NULL, NULL, 'a:1:{i:0;s:9:\"ROLE_USER\";}', 0, NULL, 'Rodriguez', NULL, NULL, NULL, NULL, NULL, NULL, 'Dubai', NULL, 'Jimena', 505123093),
(81, NULL, NULL, 'Guy MENGOUE', 'guy mengoue', 'mengoueguy@gmail.com', 'mengoueguy@gmail.com', 1, 'iwukb5fsh1k4o8ow4sco8o880s0kgk0', '8CBEOO7WmQMQZ/LXo3qTpPZwFXs0Hs+h7Hlcb4mSS9mqWuPE4a8xKJJf8flg1/e3hZZ6pmgiMAl4vLK3OvJ78w==', '2021-01-12 18:05:43', 0, 0, NULL, NULL, NULL, 'a:1:{i:0;s:9:\"ROLE_USER\";}', 0, NULL, 'Guy', NULL, NULL, NULL, NULL, NULL, 'AMMCO', 'Cameroun', NULL, 'MENGOUE', 690269450),
(82, NULL, NULL, 'abegemann', 'abegemann', 'abegem@hotmail.com', 'abegem@hotmail.com', 1, 'tnetqcz1o74wcoc4gs4o0ogcw4s08wc', 'aOn/3p6mqz7DDZVndrSMUUdq/aT33nRiIO2KMcWQFirMLDnp/JzUhCuDGn+wmgNtBaF2L15cA2wqnnhqI3BZqQ==', '2020-12-30 00:12:57', 0, 0, NULL, NULL, NULL, 'a:1:{i:0;s:9:\"ROLE_USER\";}', 0, NULL, 'Begemann', NULL, NULL, NULL, NULL, NULL, 'No aplica', 'Guatemala', NULL, 'Antje', 2147483647),
(83, NULL, NULL, 'Atist', 'atist', 'akamla.ammco@gmail.com', 'akamla.ammco@gmail.com', 1, 'jvh92txy75wgo8gogwgcws4k80sc04k', 'dRiv4cilFVKL2ia9MfXj2GRKdRv53fG2x3jLjGTUfM2ph3N524yR0Ug6EGMDJiZcOYM4A8W3KLAvTJH5Ek8WmQ==', '2021-01-21 05:14:59', 0, 0, NULL, NULL, NULL, 'a:1:{i:0;s:9:\"ROLE_USER\";}', 0, NULL, 'Kamla', NULL, NULL, NULL, NULL, NULL, '', 'Cameroon', NULL, 'Aristide ', 2147483647),
(84, NULL, NULL, 'Jonh doe', 'jonh doe', 'elgoogclass6@gmail.com', 'elgoogclass6@gmail.com', 1, 'r3osbez4ym84cw0ko0g0ogg4ogc8okw', 'JwkPMG65tzO4k9By5ZfjeaCzz+ikHBalAfSQ7QNdoRd29vpDnKDGjmbcd9ttu6h1+xDw5pbvKQ04i61CRLYvcA==', '2021-02-05 19:09:48', 0, 0, NULL, NULL, NULL, 'a:1:{i:0;s:9:\"ROLE_USER\";}', 0, NULL, 'John Doe', NULL, NULL, NULL, NULL, NULL, '', '', NULL, '', 0),
(85, NULL, NULL, 'Michel', 'michel', 'm_bonansea@yahoo.com', 'm_bonansea@yahoo.com', 1, 'ta9xfyujdyscgo0ogkcg4s8owccw0ow', 'Sc2uzRsfrohuKdlplBqOHfcZ0mHjlplLsT9eQZK3LiuL8tMOkG9RUBeTL0kMD9eVAU/zcWZ/XbqUyHgVmzTjjA==', '2021-02-06 21:08:45', 0, 0, NULL, NULL, NULL, 'a:1:{i:0;s:9:\"ROLE_USER\";}', 0, NULL, 'Bonansea', NULL, NULL, NULL, NULL, NULL, 'None', 'Germany', NULL, 'Michel', 1732754499);

--
-- Index pour les tables déchargées
--

--
-- Index pour la table `categorie`
--
ALTER TABLE `categorie`
  ADD PRIMARY KEY (`id`),
  ADD UNIQUE KEY `UNIQ_497DD6343DA5256D` (`image_id`);

--
-- Index pour la table `categorie_type`
--
ALTER TABLE `categorie_type`
  ADD PRIMARY KEY (`categorie_id`,`type_id`),
  ADD KEY `IDX_FBF7D07EBCF5E72D` (`categorie_id`),
  ADD KEY `IDX_FBF7D07EC54C8C93` (`type_id`);

--
-- Index pour la table `image`
--
ALTER TABLE `image`
  ADD PRIMARY KEY (`id`),
  ADD KEY `IDX_C53D045F1409DD88` (`observation_id`);

--
-- Index pour la table `observation`
--
ALTER TABLE `observation`
  ADD PRIMARY KEY (`id`),
  ADD KEY `IDX_C576DBE07578F87C` (`patrouille_id`),
  ADD KEY `IDX_C576DBE0BCF5E72D` (`categorie_id`);

--
-- Index pour la table `participer`
--
ALTER TABLE `participer`
  ADD PRIMARY KEY (`id`),
  ADD KEY `IDX_EDBE16F8AB82B3B6` (`patrouilleur_id`),
  ADD KEY `IDX_EDBE16F8C18272` (`projet_id`);

--
-- Index pour la table `patrouille`
--
ALTER TABLE `patrouille`
  ADD PRIMARY KEY (`id`),
  ADD KEY `IDX_36D5CFE0DB296AAD` (`segment_id`),
  ADD KEY `IDX_36D5CFE0C54C8C93` (`type_id`),
  ADD KEY `IDX_36D5CFE0AB82B3B6` (`patrouilleur_id`),
  ADD KEY `IDX_36D5CFE0C18272` (`projet_id`);

--
-- Index pour la table `pays`
--
ALTER TABLE `pays`
  ADD PRIMARY KEY (`id`);

--
-- Index pour la table `projet`
--
ALTER TABLE `projet`
  ADD PRIMARY KEY (`id`),
  ADD KEY `IDX_50159CA960BB6FE6` (`auteur_id`),
  ADD KEY `IDX_50159CA9A6E44244` (`pays_id`);

--
-- Index pour la table `question`
--
ALTER TABLE `question`
  ADD PRIMARY KEY (`id`),
  ADD UNIQUE KEY `UNIQ_B6F7494E77153098` (`code`),
  ADD UNIQUE KEY `UNIQ_B6F7494E3DA5256D` (`image_id`),
  ADD KEY `IDX_B6F7494EBCF5E72D` (`categorie_id`),
  ADD KEY `IDX_B6F7494EC18272` (`projet_id`);

--
-- Index pour la table `repondre`
--
ALTER TABLE `repondre`
  ADD PRIMARY KEY (`id`),
  ADD KEY `IDX_F66FAAF41409DD88` (`observation_id`),
  ADD KEY `IDX_F66FAAF41E27F6BF` (`question_id`),
  ADD KEY `IDX_F66FAAF4CF18BB82` (`reponse_id`);

--
-- Index pour la table `reponse`
--
ALTER TABLE `reponse`
  ADD PRIMARY KEY (`id`),
  ADD UNIQUE KEY `UNIQ_5FB6DEC73DA5256D` (`image_id`),
  ADD UNIQUE KEY `UNIQ_5FB6DEC7CF2B8D61` (`saut_id`),
  ADD KEY `IDX_5FB6DEC71E27F6BF` (`question_id`),
  ADD KEY `IDX_5FB6DEC7E349CFC0` (`question_suivante_id`),
  ADD KEY `IDX_5FB6DEC7A41BB822` (`suggestion_id`);

--
-- Index pour la table `saut`
--
ALTER TABLE `saut`
  ADD PRIMARY KEY (`id`);

--
-- Index pour la table `saut_question`
--
ALTER TABLE `saut_question`
  ADD PRIMARY KEY (`id`),
  ADD KEY `IDX_B554B57CCF2B8D61` (`saut_id`),
  ADD KEY `IDX_B554B57C1E27F6BF` (`question_id`);

--
-- Index pour la table `segment`
--
ALTER TABLE `segment`
  ADD PRIMARY KEY (`id`),
  ADD KEY `IDX_1881F565F6BD1646` (`site_id`);

--
-- Index pour la table `site`
--
ALTER TABLE `site`
  ADD PRIMARY KEY (`id`),
  ADD KEY `IDX_694309E4C18272` (`projet_id`);

--
-- Index pour la table `suggestion`
--
ALTER TABLE `suggestion`
  ADD PRIMARY KEY (`id`),
  ADD UNIQUE KEY `UNIQ_DD80F31B727ACA70` (`parent_id`),
  ADD KEY `IDX_DD80F31BBCF5E72D` (`categorie_id`),
  ADD KEY `IDX_DD80F31B1E27F6BF` (`question_id`);

--
-- Index pour la table `type`
--
ALTER TABLE `type`
  ADD PRIMARY KEY (`id`);

--
-- Index pour la table `utilisateur`
--
ALTER TABLE `utilisateur`
  ADD PRIMARY KEY (`id`),
  ADD UNIQUE KEY `UNIQ_1D1C63B392FC23A8` (`username_canonical`),
  ADD UNIQUE KEY `UNIQ_1D1C63B3A0D96FBF` (`email_canonical`),
  ADD UNIQUE KEY `UNIQ_1D1C63B33DA5256D` (`image_id`),
  ADD KEY `IDX_1D1C63B3A6E44244` (`pays_id`);

--
-- AUTO_INCREMENT pour les tables déchargées
--

--
-- AUTO_INCREMENT pour la table `categorie`
--
ALTER TABLE `categorie`
  MODIFY `id` int(11) NOT NULL AUTO_INCREMENT, AUTO_INCREMENT=5;

--
-- AUTO_INCREMENT pour la table `image`
--
ALTER TABLE `image`
  MODIFY `id` int(11) NOT NULL AUTO_INCREMENT, AUTO_INCREMENT=215;

--
-- AUTO_INCREMENT pour la table `observation`
--
ALTER TABLE `observation`
  MODIFY `id` int(11) NOT NULL AUTO_INCREMENT, AUTO_INCREMENT=217;

--
-- AUTO_INCREMENT pour la table `participer`
--
ALTER TABLE `participer`
  MODIFY `id` int(11) NOT NULL AUTO_INCREMENT, AUTO_INCREMENT=17;

--
-- AUTO_INCREMENT pour la table `patrouille`
--
ALTER TABLE `patrouille`
  MODIFY `id` int(11) NOT NULL AUTO_INCREMENT, AUTO_INCREMENT=313;

--
-- AUTO_INCREMENT pour la table `pays`
--
ALTER TABLE `pays`
  MODIFY `id` int(11) NOT NULL AUTO_INCREMENT, AUTO_INCREMENT=242;

--
-- AUTO_INCREMENT pour la table `projet`
--
ALTER TABLE `projet`
  MODIFY `id` int(11) NOT NULL AUTO_INCREMENT, AUTO_INCREMENT=50;

--
-- AUTO_INCREMENT pour la table `question`
--
ALTER TABLE `question`
  MODIFY `id` int(11) NOT NULL AUTO_INCREMENT, AUTO_INCREMENT=52;

--
-- AUTO_INCREMENT pour la table `repondre`
--
ALTER TABLE `repondre`
  MODIFY `id` int(11) NOT NULL AUTO_INCREMENT, AUTO_INCREMENT=1563;

--
-- AUTO_INCREMENT pour la table `reponse`
--
ALTER TABLE `reponse`
  MODIFY `id` int(11) NOT NULL AUTO_INCREMENT, AUTO_INCREMENT=117;

--
-- AUTO_INCREMENT pour la table `saut`
--
ALTER TABLE `saut`
  MODIFY `id` int(11) NOT NULL AUTO_INCREMENT, AUTO_INCREMENT=14;

--
-- AUTO_INCREMENT pour la table `saut_question`
--
ALTER TABLE `saut_question`
  MODIFY `id` int(11) NOT NULL AUTO_INCREMENT, AUTO_INCREMENT=37;

--
-- AUTO_INCREMENT pour la table `segment`
--
ALTER TABLE `segment`
  MODIFY `id` int(11) NOT NULL AUTO_INCREMENT, AUTO_INCREMENT=52;

--
-- AUTO_INCREMENT pour la table `site`
--
ALTER TABLE `site`
  MODIFY `id` int(11) NOT NULL AUTO_INCREMENT, AUTO_INCREMENT=32;

--
-- AUTO_INCREMENT pour la table `suggestion`
--
ALTER TABLE `suggestion`
  MODIFY `id` int(11) NOT NULL AUTO_INCREMENT;

--
-- AUTO_INCREMENT pour la table `type`
--
ALTER TABLE `type`
  MODIFY `id` int(11) NOT NULL AUTO_INCREMENT, AUTO_INCREMENT=4;

--
-- AUTO_INCREMENT pour la table `utilisateur`
--
ALTER TABLE `utilisateur`
  MODIFY `id` int(11) NOT NULL AUTO_INCREMENT, AUTO_INCREMENT=86;

--
-- Contraintes pour les tables déchargées
--

--
-- Contraintes pour la table `categorie`
--
ALTER TABLE `categorie`
  ADD CONSTRAINT `FK_497DD6343DA5256D` FOREIGN KEY (`image_id`) REFERENCES `image` (`id`);

--
-- Contraintes pour la table `categorie_type`
--
ALTER TABLE `categorie_type`
  ADD CONSTRAINT `FK_FBF7D07EBCF5E72D` FOREIGN KEY (`categorie_id`) REFERENCES `categorie` (`id`) ON DELETE CASCADE,
  ADD CONSTRAINT `FK_FBF7D07EC54C8C93` FOREIGN KEY (`type_id`) REFERENCES `type` (`id`) ON DELETE CASCADE;

--
-- Contraintes pour la table `image`
--
ALTER TABLE `image`
  ADD CONSTRAINT `FK_C53D045F1409DD88` FOREIGN KEY (`observation_id`) REFERENCES `observation` (`id`);

--
-- Contraintes pour la table `observation`
--
ALTER TABLE `observation`
  ADD CONSTRAINT `FK_C576DBE07578F87C` FOREIGN KEY (`patrouille_id`) REFERENCES `patrouille` (`id`),
  ADD CONSTRAINT `FK_C576DBE0BCF5E72D` FOREIGN KEY (`categorie_id`) REFERENCES `categorie` (`id`);

--
-- Contraintes pour la table `participer`
--
ALTER TABLE `participer`
  ADD CONSTRAINT `FK_EDBE16F8AB82B3B6` FOREIGN KEY (`patrouilleur_id`) REFERENCES `utilisateur` (`id`),
  ADD CONSTRAINT `FK_EDBE16F8C18272` FOREIGN KEY (`projet_id`) REFERENCES `projet` (`id`);

--
-- Contraintes pour la table `patrouille`
--
ALTER TABLE `patrouille`
  ADD CONSTRAINT `FK_36D5CFE0AB82B3B6` FOREIGN KEY (`patrouilleur_id`) REFERENCES `utilisateur` (`id`),
  ADD CONSTRAINT `FK_36D5CFE0C18272` FOREIGN KEY (`projet_id`) REFERENCES `projet` (`id`),
  ADD CONSTRAINT `FK_36D5CFE0C54C8C93` FOREIGN KEY (`type_id`) REFERENCES `type` (`id`),
  ADD CONSTRAINT `FK_36D5CFE0DB296AAD` FOREIGN KEY (`segment_id`) REFERENCES `segment` (`id`);

--
-- Contraintes pour la table `projet`
--
ALTER TABLE `projet`
  ADD CONSTRAINT `FK_50159CA960BB6FE6` FOREIGN KEY (`auteur_id`) REFERENCES `utilisateur` (`id`),
  ADD CONSTRAINT `FK_50159CA9A6E44244` FOREIGN KEY (`pays_id`) REFERENCES `pays` (`id`);

--
-- Contraintes pour la table `question`
--
ALTER TABLE `question`
  ADD CONSTRAINT `FK_B6F7494E3DA5256D` FOREIGN KEY (`image_id`) REFERENCES `image` (`id`),
  ADD CONSTRAINT `FK_B6F7494EBCF5E72D` FOREIGN KEY (`categorie_id`) REFERENCES `categorie` (`id`),
  ADD CONSTRAINT `FK_B6F7494EC18272` FOREIGN KEY (`projet_id`) REFERENCES `projet` (`id`);

--
-- Contraintes pour la table `repondre`
--
ALTER TABLE `repondre`
  ADD CONSTRAINT `FK_F66FAAF41409DD88` FOREIGN KEY (`observation_id`) REFERENCES `observation` (`id`),
  ADD CONSTRAINT `FK_F66FAAF41E27F6BF` FOREIGN KEY (`question_id`) REFERENCES `question` (`id`) ON DELETE CASCADE,
  ADD CONSTRAINT `FK_F66FAAF4CF18BB82` FOREIGN KEY (`reponse_id`) REFERENCES `reponse` (`id`);

--
-- Contraintes pour la table `reponse`
--
ALTER TABLE `reponse`
  ADD CONSTRAINT `FK_5FB6DEC71E27F6BF` FOREIGN KEY (`question_id`) REFERENCES `question` (`id`) ON DELETE CASCADE,
  ADD CONSTRAINT `FK_5FB6DEC73DA5256D` FOREIGN KEY (`image_id`) REFERENCES `image` (`id`),
  ADD CONSTRAINT `FK_5FB6DEC7A41BB822` FOREIGN KEY (`suggestion_id`) REFERENCES `suggestion` (`id`),
  ADD CONSTRAINT `FK_5FB6DEC7CF2B8D61` FOREIGN KEY (`saut_id`) REFERENCES `saut` (`id`),
  ADD CONSTRAINT `FK_5FB6DEC7E349CFC0` FOREIGN KEY (`question_suivante_id`) REFERENCES `question` (`id`);

--
-- Contraintes pour la table `saut_question`
--
ALTER TABLE `saut_question`
  ADD CONSTRAINT `FK_B554B57C1E27F6BF` FOREIGN KEY (`question_id`) REFERENCES `question` (`id`),
  ADD CONSTRAINT `FK_B554B57CCF2B8D61` FOREIGN KEY (`saut_id`) REFERENCES `saut` (`id`);

--
-- Contraintes pour la table `segment`
--
ALTER TABLE `segment`
  ADD CONSTRAINT `FK_1881F565F6BD1646` FOREIGN KEY (`site_id`) REFERENCES `site` (`id`);

--
-- Contraintes pour la table `site`
--
ALTER TABLE `site`
  ADD CONSTRAINT `FK_694309E4C18272` FOREIGN KEY (`projet_id`) REFERENCES `projet` (`id`);

--
-- Contraintes pour la table `suggestion`
--
ALTER TABLE `suggestion`
  ADD CONSTRAINT `FK_DD80F31B1E27F6BF` FOREIGN KEY (`question_id`) REFERENCES `question` (`id`),
  ADD CONSTRAINT `FK_DD80F31B727ACA70` FOREIGN KEY (`parent_id`) REFERENCES `reponse` (`id`),
  ADD CONSTRAINT `FK_DD80F31BBCF5E72D` FOREIGN KEY (`categorie_id`) REFERENCES `categorie` (`id`);

--
-- Contraintes pour la table `utilisateur`
--
ALTER TABLE `utilisateur`
  ADD CONSTRAINT `FK_1D1C63B33DA5256D` FOREIGN KEY (`image_id`) REFERENCES `image` (`id`),
  ADD CONSTRAINT `FK_1D1C63B3A6E44244` FOREIGN KEY (`pays_id`) REFERENCES `pays` (`id`);
COMMIT;

/*!40101 SET CHARACTER_SET_CLIENT=@OLD_CHARACTER_SET_CLIENT */;
/*!40101 SET CHARACTER_SET_RESULTS=@OLD_CHARACTER_SET_RESULTS */;
/*!40101 SET COLLATION_CONNECTION=@OLD_COLLATION_CONNECTION */;
